"const uint8_t MASK[16] = { 0x52, 0x55, 0x58, 0xC1, 0xB7, 0xC1, 0xCE, 0xCB, 0xD6, 0x07, 0x7B, 0xFB, 0x9B, 0x3B, 0xB2, 0xC2 };"
"const uint8_t FINAL_MASK[16] = { 0xE4, 0xC2, 0x8A, 0x95, 0x0F, 0xEF, 0x21, 0xA6, 0x91, 0x3A, 0x15, 0x7E, 0x67, 0xA6, 0xA5, 0x7A };"
"const uint8_t MASK[16] = { 0xD3, 0xDA, 0x98, 0xA9, 0x18, 0x0C, 0xFD, 0x75, 0x50, 0x80, 0x11, 0x43, 0xCF, 0xBD, 0xEB, 0xE3 };"
"const uint8_t FINAL_MASK[16] = { 0x56, 0xD7, 0xFA, 0x07, 0x72, 0x42, 0x1E, 0x22, 0xB0, 0x39, 0x11, 0xEB, 0x72, 0x0D, 0x4E, 0xE9 };"
"const uint8_t MASK[16] = { 0xEE, 0x2C, 0x8B, 0x28, 0xF0, 0x8D, 0x9B, 0xF8, 0x30, 0xBD, 0x3A, 0x03, 0xEF, 0xD8, 0x34, 0x3A };"
"const uint8_t FINAL_MASK[16] = { 0xB6, 0x24, 0xE5, 0x4E, 0xEC, 0xE3, 0x51, 0x3B, 0x34, 0x12, 0x3D, 0xBC, 0x6E, 0x6B, 0x54, 0xC0 };"
"const uint8_t MASK[16] = { 0xEE, 0xA6, 0x0F, 0x54, 0x4F, 0xAD, 0x9A, 0x46, 0x7E, 0xFA, 0x88, 0x31, 0x1E, 0x4C, 0xEE, 0xE8 };"
"const uint8_t FINAL_MASK[16] = { 0x8E, 0x38, 0x8A, 0x0F, 0xB1, 0xE9, 0x77, 0xA0, 0x4B, 0x59, 0x08, 0xA9, 0xC2, 0xC4, 0xDA, 0x18 };"
"const uint8_t MASK[16] = { 0x13, 0x34, 0xE1, 0xB8, 0xC8, 0xAD, 0xED, 0x9E, 0xEC, 0x6E, 0x74, 0xD2, 0xEE, 0x68, 0x22, 0xAE };"
"const uint8_t FINAL_MASK[16] = { 0xB5, 0xD3, 0x3A, 0x2B, 0xC6, 0xBC, 0xFF, 0xF9, 0x03, 0x03, 0x95, 0xE3, 0x3A, 0x96, 0x98, 0x59 };"
"const uint8_t MASK[16] = { 0xD6, 0xEA, 0x34, 0x0E, 0xF3, 0xFD, 0x48, 0x13, 0x08, 0x92, 0x96, 0xED, 0x67, 0x1C, 0x3B, 0xD0 };"
"const uint8_t FINAL_MASK[16] = { 0xDF, 0x3F, 0x2D, 0x52, 0x91, 0xF9, 0x1B, 0x66, 0x00, 0x35, 0x18, 0x7D, 0xBF, 0xE0, 0xB8, 0xEE };"
"const uint8_t MASK[16] = { 0xCE, 0x0A, 0x8E, 0x63, 0xA3, 0x97, 0x70, 0x20, 0xAD, 0xBA, 0x7F, 0xFD, 0xD7, 0x87, 0xA2, 0xCF };"
"const uint8_t FINAL_MASK[16] = { 0x18, 0x76, 0xB2, 0x30, 0x9D, 0x56, 0x7A, 0xE1, 0xFA, 0xD6, 0xC0, 0x7F, 0xC3, 0x92, 0xF9, 0xA4 };"
"const uint8_t MASK[16] = { 0x3F, 0xB1, 0x4E, 0x43, 0xDF, 0xC8, 0xFE, 0x65, 0x89, 0x3A, 0xC7, 0x6F, 0x30, 0xED, 0x9D, 0xA3 };"
"const uint8_t FINAL_MASK[16] = { 0x7E, 0x2B, 0x84, 0x36, 0x90, 0x1F, 0xBE, 0x76, 0x04, 0x2F, 0xE5, 0xE5, 0xC8, 0x09, 0x36, 0xE3 };"
"const uint8_t MASK[16] = { 0x67, 0xE7, 0x55, 0x65, 0xB9, 0x53, 0x22, 0xD0, 0x97, 0x3E, 0xB6, 0x4B, 0x2D, 0x75, 0x9B, 0x42 };"
"const uint8_t FINAL_MASK[16] = { 0x6C, 0xF0, 0x35, 0xD9, 0xDC, 0x93, 0xDA, 0xB7, 0x0A, 0x69, 0xB3, 0x11, 0x5F, 0x2E, 0xF9, 0x74 };"
"const uint8_t MASK[16] = { 0xDC, 0xF9, 0xF6, 0x00, 0x50, 0x61, 0xB5, 0xFD, 0x30, 0xF2, 0x99, 0x22, 0x68, 0x2F, 0x03, 0xCC };"
"const uint8_t FINAL_MASK[16] = { 0xF3, 0x85, 0x45, 0x3A, 0xED, 0x80, 0xF4, 0xC6, 0x50, 0x4F, 0x3E, 0xC2, 0x57, 0x96, 0x47, 0xDE };"
"const uint8_t MASK[16] = { 0x94, 0xAF, 0x70, 0xBC, 0x05, 0xB6, 0x1D, 0x19, 0x11, 0x39, 0x5D, 0xC7, 0xE9, 0x40, 0xA3, 0x79 };"
"const uint8_t FINAL_MASK[16] = { 0xEE, 0xFE, 0x96, 0xE5, 0x22, 0xE0, 0xB1, 0xEC, 0xDE, 0xB3, 0x16, 0xBE, 0x68, 0x71, 0x98, 0x7D };"
"const uint8_t MASK[16] = { 0xD7, 0x9C, 0x2F, 0xBF, 0xC4, 0x65, 0x37, 0xDC, 0xE7, 0x4E, 0x96, 0xA6, 0x50, 0x80, 0xAB, 0xE9 };"
"const uint8_t FINAL_MASK[16] = { 0xCD, 0xE7, 0x06, 0x48, 0x58, 0x75, 0x49, 0x3C, 0x66, 0x5F, 0xE6, 0xDB, 0x31, 0x98, 0x22, 0xB0 };"
"const uint8_t MASK[16] = { 0xCF, 0x0C, 0x97, 0x54, 0x16, 0x7E, 0x74, 0xE7, 0x2E, 0x9D, 0xD5, 0xED, 0x9B, 0xE3, 0x54, 0xE5 };"
"const uint8_t FINAL_MASK[16] = { 0xA0, 0xDD, 0xAE, 0xB3, 0x5D, 0x47, 0xED, 0x93, 0x65, 0x0F, 0xF6, 0xFB, 0x94, 0x68, 0xC2, 0xE2 };"
"const uint8_t MASK[16] = { 0xB2, 0x61, 0xC7, 0x03, 0x5B, 0x0B, 0x3D, 0x84, 0x9B, 0x69, 0x24, 0xFE, 0x93, 0x3D, 0x3A, 0x7A };"
"const uint8_t FINAL_MASK[16] = { 0xB4, 0x31, 0x2D, 0x1F, 0x5A, 0x50, 0x9B, 0x5F, 0x72, 0xD5, 0x60, 0xA2, 0xA1, 0x58, 0x30, 0xD3 };"
"const uint8_t MASK[16] = { 0x1F, 0x4B, 0xC6, 0x3C, 0x21, 0x20, 0x45, 0xEF, 0x94, 0x0A, 0x30, 0xDD, 0x13, 0x22, 0xB9, 0x25 };"
"const uint8_t FINAL_MASK[16] = { 0x1E, 0xA5, 0xEC, 0xF9, 0x6D, 0xB4, 0xCA, 0xF7, 0xB2, 0xFC, 0x24, 0xB9, 0x90, 0x90, 0x73, 0x43 };"
"const uint8_t MASK[16] = { 0x23, 0x0C, 0x24, 0x17, 0x79, 0xBA, 0x9C, 0x59, 0x3E, 0x36, 0xF4, 0x84, 0xA0, 0x5C, 0xB2, 0xC5 };"
"const uint8_t FINAL_MASK[16] = { 0x77, 0x07, 0x5B, 0x34, 0x40, 0x40, 0xA3, 0xA5, 0x78, 0xC2, 0xE5, 0xAB, 0x4D, 0x5C, 0x1D, 0x86 };"
"const uint8_t MASK[16] = { 0xE1, 0x2D, 0x97, 0xA9, 0x0B, 0x09, 0x82, 0x17, 0xB1, 0xD8, 0xB9, 0x2F, 0x6C, 0x1D, 0x47, 0x90 };"
"const uint8_t FINAL_MASK[16] = { 0x80, 0x85, 0x3D, 0x8A, 0xDF, 0x3E, 0x5E, 0x75, 0xB2, 0xFE, 0x76, 0xE3, 0x4F, 0x97, 0xA2, 0xA5 };"
"const uint8_t MASK[16] = { 0xB5, 0xD7, 0xAD, 0x16, 0x76, 0x0D, 0x65, 0x6E, 0x96, 0x4C, 0xE0, 0x62, 0x8A, 0xA1, 0xB7, 0x16 };"
"const uint8_t FINAL_MASK[16] = { 0xA9, 0x8F, 0xF4, 0x4D, 0xDA, 0x7C, 0x17, 0xB2, 0x58, 0x32, 0x72, 0x56, 0xDF, 0x9A, 0x58, 0x30 };"
"const uint8_t MASK[16] = { 0x27, 0x74, 0x84, 0x0A, 0x05, 0x50, 0x0E, 0x6C, 0xE8, 0xBC, 0xAD, 0xCB, 0xC1, 0x79, 0x28, 0x2F };"
"const uint8_t FINAL_MASK[16] = { 0xFF, 0xB8, 0x9B, 0xB4, 0xF8, 0xD6, 0xE0, 0x7C, 0xAD, 0xF7, 0xEA, 0xDD, 0x9D, 0x13, 0xA4, 0x7D };"
"const uint8_t MASK[16] = { 0x97, 0xC6, 0x70, 0x9A, 0x7C, 0xE8, 0x99, 0x9D, 0x9F, 0x7E, 0x83, 0xCA, 0xFA, 0x1A, 0x5C, 0xCF };"
"const uint8_t FINAL_MASK[16] = { 0xD0, 0xAB, 0x8A, 0x69, 0xC2, 0x37, 0x98, 0xD9, 0x2E, 0x80, 0x9B, 0x2C, 0xA1, 0x4D, 0x3A, 0x07 };"
"const uint8_t MASK[16] = { 0x1F, 0xA7, 0x09, 0xF7, 0xE6, 0x0C, 0x8C, 0x4D, 0xAE, 0xEF, 0x6C, 0xAD, 0x93, 0x08, 0xC5, 0xAF };"
"const uint8_t FINAL_MASK[16] = { 0x7E, 0x3F, 0x39, 0x1C, 0x98, 0x1D, 0x27, 0xF5, 0x33, 0xF3, 0x98, 0xC0, 0x74, 0x85, 0xD3, 0x26 };"
"const uint8_t MASK[16] = { 0x97, 0x24, 0x3E, 0xFB, 0xC0, 0xA0, 0x1B, 0x41, 0x7D, 0x32, 0x39, 0xEC, 0x08, 0x50, 0x7A, 0x82 };"
"const uint8_t FINAL_MASK[16] = { 0x86, 0x5D, 0x02, 0xEA, 0x4D, 0x2F, 0x18, 0xDF, 0x77, 0x1F, 0xAD, 0x60, 0x9A, 0x05, 0xC9, 0xC1 };"
"const uint8_t MASK[16] = { 0x89, 0x08, 0x76, 0x58, 0xB0, 0xDA, 0xB3, 0xA3, 0xB6, 0x32, 0xCD, 0xC3, 0xA8, 0x14, 0x76, 0x6A };"
"const uint8_t FINAL_MASK[16] = { 0x26, 0xAA, 0x88, 0xD1, 0xF2, 0x13, 0x3F, 0x09, 0x7A, 0x63, 0xF0, 0x52, 0x9B, 0x1F, 0x69, 0x65 };"
"const uint8_t MASK[16] = { 0x87, 0x37, 0x99, 0xA8, 0x47, 0x7F, 0x69, 0xF1, 0x51, 0x36, 0x17, 0x36, 0xF8, 0x8F, 0x2E, 0xC8 };"
"const uint8_t FINAL_MASK[16] = { 0x0F, 0x7F, 0xE4, 0x69, 0x94, 0xA1, 0xA8, 0x2F, 0xD7, 0xFE, 0x44, 0x41, 0xA2, 0x72, 0x07, 0x66 };"
"const uint8_t MASK[16] = { 0xF7, 0x81, 0x05, 0xE8, 0xC6, 0x8C, 0x2F, 0x23, 0xB7, 0x4D, 0xCD, 0x8A, 0x7C, 0x49, 0xAA, 0xE0 };"
"const uint8_t FINAL_MASK[16] = { 0x5D, 0x4F, 0x28, 0x8A, 0x8B, 0x53, 0x46, 0xB1, 0x40, 0x89, 0x37, 0x97, 0xF5, 0x19, 0x89, 0x32 };"
"const uint8_t MASK[16] = { 0xC4, 0x91, 0xDA, 0x34, 0x13, 0x5B, 0x55, 0xD1, 0xBF, 0xB9, 0xFC, 0xAD, 0xBA, 0x86, 0xF5, 0xD6 };"
"const uint8_t FINAL_MASK[16] = { 0xC4, 0x12, 0x23, 0xE5, 0xD0, 0x47, 0x67, 0xF4, 0xE2, 0xB3, 0xD7, 0x5F, 0x95, 0xED, 0xCD, 0xC7 };"
"const uint8_t MASK[16] = { 0x91, 0x16, 0xB6, 0x47, 0x72, 0xFE, 0xEB, 0x4C, 0x3A, 0xFF, 0xF7, 0xB3, 0x29, 0xB4, 0x52, 0x65 };"
"const uint8_t FINAL_MASK[16] = { 0x19, 0x9F, 0xE4, 0x5C, 0x75, 0x1E, 0xA9, 0xA1, 0xB6, 0xE0, 0x67, 0x35, 0x08, 0xED, 0x25, 0x77 };"
"const uint8_t MASK[16] = { 0x98, 0x6B, 0x29, 0x74, 0x03, 0xD3, 0xA3, 0x96, 0xE1, 0x6A, 0xEF, 0x04, 0xAB, 0xC6, 0xA6, 0x9D };"
"const uint8_t FINAL_MASK[16] = { 0xA3, 0x72, 0x1B, 0xEC, 0x35, 0x1D, 0x2D, 0x81, 0xC3, 0x8C, 0x71, 0xCA, 0x0D, 0xC3, 0x0A, 0x74 };"
"const uint8_t MASK[16] = { 0x03, 0x66, 0xED, 0x52, 0xF0, 0x87, 0x6A, 0x2C, 0x8F, 0x67, 0x90, 0x72, 0xE9, 0xC3, 0xC1, 0xBE };"
"const uint8_t FINAL_MASK[16] = { 0xBB, 0x9D, 0x30, 0x36, 0x97, 0x82, 0x28, 0xCD, 0x27, 0x04, 0x79, 0x7E, 0xF7, 0x3B, 0x44, 0x51 };"
"const uint8_t MASK[16] = { 0x0B, 0xB9, 0x49, 0xAA, 0x9B, 0xAA, 0x5D, 0xB1, 0x6B, 0x10, 0xDB, 0xA0, 0xF0, 0xFE, 0xA3, 0xA7 };"
"const uint8_t FINAL_MASK[16] = { 0xBD, 0xB7, 0xE1, 0xE1, 0x64, 0x92, 0xCE, 0x1B, 0x37, 0x57, 0x7F, 0x1A, 0xF5, 0x73, 0x3E, 0x1A };"
"const uint8_t MASK[16] = { 0xDC, 0x10, 0xDF, 0xEC, 0x4B, 0x10, 0x80, 0xB4, 0xAE, 0xEE, 0xF3, 0x7B, 0x6A, 0x6A, 0xF6, 0x59 };"
"const uint8_t FINAL_MASK[16] = { 0x01, 0x49, 0x14, 0xF2, 0x59, 0x3B, 0x9A, 0xFF, 0x67, 0x45, 0xDE, 0x2B, 0x68, 0x9B, 0x22, 0x4B };"
"const uint8_t MASK[16] = { 0x7C, 0x94, 0x89, 0x6E, 0x08, 0xCC, 0xF4, 0x7C, 0x4C, 0x8C, 0xB4, 0x87, 0xE4, 0xD1, 0x2D, 0x42 };"
"const uint8_t FINAL_MASK[16] = { 0x4A, 0x39, 0x12, 0x56, 0x13, 0xA3, 0xEE, 0xB9, 0xA7, 0xF4, 0xB7, 0x75, 0xCF, 0x8E, 0x5C, 0xF1 };"
"const uint8_t MASK[16] = { 0x37, 0xAC, 0x5A, 0xBA, 0x99, 0xE9, 0x00, 0xAE, 0x73, 0x82, 0x29, 0x3A, 0x35, 0x1E, 0x27, 0xEB };"
"const uint8_t FINAL_MASK[16] = { 0x74, 0xFF, 0x33, 0xBA, 0x1E, 0xB4, 0xD9, 0xA8, 0xB3, 0xF0, 0x78, 0xC3, 0x8C, 0x43, 0x67, 0x50 };"
"const uint8_t MASK[16] = { 0x33, 0xE0, 0x18, 0x01, 0xA2, 0xF4, 0xC0, 0x0C, 0xDC, 0x9A, 0x6B, 0xE8, 0x09, 0xD1, 0xD3, 0xF5 };"
"const uint8_t FINAL_MASK[16] = { 0xE9, 0x1D, 0xC3, 0x52, 0xD0, 0x3F, 0x6F, 0x5D, 0xD3, 0xD6, 0x7D, 0x7F, 0xD8, 0x31, 0xBE, 0x26 };"
"const uint8_t MASK[16] = { 0x32, 0x39, 0xE1, 0x99, 0x3D, 0x25, 0xF7, 0xF7, 0x00, 0xAC, 0xD8, 0x83, 0x25, 0xB7, 0xB5, 0x7F };"
"const uint8_t FINAL_MASK[16] = { 0x83, 0x5F, 0x1E, 0x92, 0x20, 0xDC, 0x49, 0x4B, 0xAB, 0x19, 0xA2, 0xBB, 0x62, 0x9F, 0x39, 0x66 };"
"const uint8_t MASK[16] = { 0x94, 0x40, 0xD2, 0x32, 0x73, 0x56, 0x0E, 0xE5, 0x11, 0x25, 0xEB, 0xB5, 0x4C, 0x0A, 0x9A, 0xB7 };"
"const uint8_t FINAL_MASK[16] = { 0xEC, 0xDD, 0x5B, 0x96, 0xE2, 0xDE, 0x84, 0xDE, 0x04, 0xB6, 0xBC, 0xF3, 0x99, 0x60, 0x12, 0x8E };"
"const uint8_t MASK[16] = { 0xFF, 0x4A, 0xBF, 0xD9, 0xD9, 0x35, 0x1E, 0x7A, 0x4C, 0x77, 0xEF, 0x45, 0xBB, 0x90, 0x97, 0x46 };"
"const uint8_t FINAL_MASK[16] = { 0x65, 0x22, 0x51, 0xEA, 0x01, 0x95, 0xA7, 0x08, 0x79, 0x83, 0x1F, 0x9A, 0x16, 0xD7, 0x51, 0xDA };"
"const uint8_t MASK[16] = { 0x27, 0xF9, 0xBD, 0x76, 0xC7, 0x84, 0xEA, 0xEF, 0x82, 0xDD, 0xF4, 0x4B, 0x25, 0x56, 0xA0, 0x87 };"
"const uint8_t FINAL_MASK[16] = { 0xA6, 0xDF, 0x7C, 0x50, 0xD0, 0x4B, 0x25, 0xBC, 0x77, 0x42, 0xFC, 0xEA, 0x8B, 0xC2, 0xFE, 0x63 };"
"const uint8_t MASK[16] = { 0xD6, 0x87, 0x26, 0x61, 0x57, 0x63, 0x14, 0x6C, 0x8F, 0x3D, 0x31, 0x3F, 0xEB, 0xD3, 0x82, 0x7E };"
"const uint8_t FINAL_MASK[16] = { 0xBE, 0xFE, 0x0A, 0x3A, 0x9D, 0xD2, 0x39, 0x30, 0xDF, 0x13, 0xAA, 0xF7, 0xBD, 0x0F, 0xC5, 0x7C };"
"const uint8_t MASK[16] = { 0x07, 0xA1, 0xCD, 0x2F, 0xDE, 0x3C, 0x01, 0x28, 0x74, 0x2B, 0xC7, 0x81, 0x1B, 0x3D, 0x1A, 0xF2 };"
"const uint8_t FINAL_MASK[16] = { 0xF6, 0xD6, 0xC3, 0xB7, 0xBD, 0xB8, 0xA7, 0xDF, 0x81, 0x11, 0x5E, 0x39, 0xFE, 0xC5, 0xE8, 0x22 };"
"const uint8_t MASK[16] = { 0x36, 0x9B, 0xEF, 0x7E, 0x9A, 0xA0, 0xA7, 0x7D, 0xE5, 0xDA, 0x69, 0x8B, 0x6C, 0xAD, 0x65, 0xAE };"
"const uint8_t FINAL_MASK[16] = { 0x7E, 0x48, 0xC3, 0xF4, 0xC1, 0xDB, 0x31, 0xCB, 0xAD, 0x21, 0x0D, 0xAE, 0x01, 0x6A, 0xB4, 0x19 };"
"const uint8_t MASK[16] = { 0xA1, 0xC9, 0xDF, 0xF8, 0x1B, 0x12, 0xA8, 0xE0, 0x3B, 0x2A, 0x66, 0x1E, 0x75, 0xED, 0x3F, 0xD1 };"
"const uint8_t FINAL_MASK[16] = { 0x06, 0xB3, 0x57, 0xD5, 0x1B, 0x7F, 0x7D, 0xA9, 0x63, 0x80, 0x06, 0xEF, 0x89, 0x00, 0xED, 0xE3 };"
"const uint8_t MASK[16] = { 0x3F, 0x2D, 0x90, 0x05, 0xFD, 0x02, 0x24, 0xF6, 0xE5, 0xBA, 0xA9, 0xF4, 0x76, 0x75, 0xFC, 0xF5 };"
"const uint8_t FINAL_MASK[16] = { 0xB6, 0xA0, 0x00, 0x06, 0x0C, 0xCD, 0x5E, 0xC7, 0x65, 0xE9, 0xEF, 0x81, 0xA1, 0xED, 0x96, 0x57 };"
"const uint8_t MASK[16] = { 0x53, 0x33, 0x37, 0xD2, 0xA1, 0x1C, 0xD7, 0xB6, 0x33, 0x1C, 0x3B, 0x54, 0x5D, 0xFC, 0x35, 0xDC };"
"const uint8_t FINAL_MASK[16] = { 0x21, 0xCE, 0x61, 0x82, 0xFF, 0x44, 0xDB, 0xBF, 0x31, 0x18, 0x25, 0xA4, 0xD5, 0x7B, 0xCE, 0x68 };"
"const uint8_t MASK[16] = { 0x42, 0x8A, 0x9F, 0x81, 0xC4, 0x23, 0xD9, 0x85, 0x3C, 0x73, 0xDB, 0xB6, 0xFD, 0xF9, 0x7C, 0x17 };"
"const uint8_t FINAL_MASK[16] = { 0x02, 0xEA, 0xA6, 0xCE, 0xA7, 0x08, 0x48, 0x31, 0x22, 0xBC, 0xC7, 0x3A, 0x7E, 0x85, 0xE6, 0xBF };"
"const uint8_t MASK[16] = { 0xE7, 0x7E, 0x2E, 0x7B, 0xBC, 0x1E, 0x92, 0xC2, 0x9B, 0xA7, 0xA6, 0x13, 0x9E, 0x71, 0xCC, 0xBC };"
"const uint8_t FINAL_MASK[16] = { 0x98, 0x20, 0x98, 0xF1, 0x6D, 0x7B, 0x16, 0x32, 0x2F, 0x0F, 0x29, 0x4F, 0x18, 0x59, 0xF1, 0x9B };"
"const uint8_t MASK[16] = { 0x26, 0x8C, 0x32, 0x3A, 0x06, 0x9C, 0x92, 0xD6, 0x4D, 0x44, 0x7C, 0x7D, 0xBC, 0x5E, 0xFC, 0x5F };"
"const uint8_t FINAL_MASK[16] = { 0x9B, 0x45, 0x42, 0x1F, 0x80, 0x3E, 0xB2, 0x1C, 0x41, 0x66, 0x34, 0x73, 0x19, 0xE9, 0xE5, 0xDF };"
"const uint8_t MASK[16] = { 0xAC, 0x0E, 0xFB, 0x4C, 0xDE, 0xFD, 0x25, 0xE4, 0xAF, 0x42, 0x1D, 0xBB, 0x49, 0x97, 0xF9, 0xD0 };"
"const uint8_t FINAL_MASK[16] = { 0xFB, 0x53, 0xDE, 0x09, 0xDF, 0x8B, 0x9D, 0xEE, 0xD0, 0xF8, 0xFE, 0x46, 0x4B, 0xB5, 0x8B, 0xA2 };"
"const uint8_t MASK[16] = { 0xCA, 0xCA, 0x90, 0x3F, 0xD5, 0x2D, 0xB5, 0x5A, 0xD3, 0x27, 0xD1, 0xA7, 0xF0, 0x29, 0xC3, 0xD7 };"
"const uint8_t FINAL_MASK[16] = { 0x85, 0x29, 0xA7, 0xD2, 0xB2, 0x24, 0xC7, 0x3A, 0xCD, 0x56, 0x5C, 0x95, 0x26, 0x04, 0x84, 0xE8 };"
"const uint8_t MASK[16] = { 0xF1, 0x37, 0xBE, 0x98, 0xB5, 0x1E, 0x89, 0x67, 0x83, 0xFB, 0x03, 0x5C, 0x7D, 0x44, 0x87, 0x39 };"
"const uint8_t FINAL_MASK[16] = { 0x6E, 0x56, 0x87, 0x70, 0x33, 0x21, 0xF7, 0x13, 0x34, 0x41, 0x32, 0xC3, 0x9C, 0xDC, 0x55, 0xDF };"
"const uint8_t MASK[16] = { 0x7B, 0xCD, 0x40, 0xB9, 0x38, 0x37, 0x15, 0x90, 0x38, 0x5B, 0x06, 0x82, 0xB1, 0xF5, 0x2C, 0xE3 };"
"const uint8_t FINAL_MASK[16] = { 0x64, 0xBC, 0x4D, 0xA3, 0xB0, 0x1E, 0xDB, 0xF5, 0x7B, 0x90, 0x27, 0x13, 0xEB, 0x62, 0xB4, 0x53 };"
"const uint8_t MASK[16] = { 0x80, 0xCB, 0x31, 0x5A, 0xAF, 0x42, 0x51, 0x15, 0x76, 0x60, 0x10, 0x06, 0x9A, 0xCF, 0xB4, 0x78 };"
"const uint8_t FINAL_MASK[16] = { 0xCB, 0xE1, 0x99, 0x25, 0xE2, 0x44, 0x92, 0xD6, 0x58, 0x81, 0x7B, 0xA5, 0xED, 0x2E, 0x4E, 0xC6 };"
"const uint8_t MASK[16] = { 0x04, 0x38, 0x68, 0xD7, 0x11, 0xB3, 0x4C, 0x73, 0x72, 0x36, 0x00, 0x80, 0xAE, 0x66, 0x11, 0x32 };"
"const uint8_t FINAL_MASK[16] = { 0x20, 0x0C, 0x4B, 0x8E, 0x9F, 0x93, 0x78, 0x42, 0x49, 0x11, 0x38, 0x5A, 0x9A, 0xFA, 0xFE, 0x87 };"
"const uint8_t MASK[16] = { 0x4A, 0xDD, 0xCA, 0x88, 0xBB, 0xAA, 0x12, 0x5E, 0x67, 0xE5, 0x50, 0xB5, 0x79, 0xAD, 0xD2, 0x8F };"
"const uint8_t FINAL_MASK[16] = { 0xA7, 0x9C, 0xCF, 0x53, 0x17, 0x84, 0xF5, 0x56, 0x6C, 0xC0, 0xC0, 0x16, 0x0B, 0xAF, 0x68, 0xFF };"
"const uint8_t MASK[16] = { 0x8D, 0xCD, 0x34, 0x34, 0x67, 0x7B, 0x6B, 0x6E, 0xC7, 0x21, 0x21, 0xCC, 0x52, 0x7B, 0x4A, 0x65 };"
"const uint8_t FINAL_MASK[16] = { 0x02, 0x49, 0xCB, 0x70, 0x62, 0xFE, 0x63, 0x01, 0x13, 0x86, 0x17, 0xFB, 0x39, 0x40, 0xA9, 0xF4 };"
"const uint8_t MASK[16] = { 0x61, 0x52, 0x5C, 0xD4, 0x5D, 0x00, 0x22, 0x7A, 0x6E, 0xB9, 0xDF, 0x55, 0xD7, 0x0A, 0x1C, 0xC6 };"
"const uint8_t FINAL_MASK[16] = { 0x68, 0xDD, 0xAE, 0x20, 0x3E, 0x14, 0x31, 0x4D, 0xBB, 0xCA, 0xFB, 0x73, 0xD7, 0xC9, 0xA3, 0xC4 };"
"const uint8_t MASK[16] = { 0x9A, 0x79, 0xD5, 0x13, 0x4D, 0xE5, 0xB1, 0xAF, 0xB2, 0xB7, 0xD7, 0x29, 0xEE, 0x1B, 0x2C, 0xAC };"
"const uint8_t FINAL_MASK[16] = { 0x10, 0xAE, 0xDB, 0x6A, 0xE9, 0x40, 0x84, 0x90, 0xCB, 0x2F, 0x5A, 0xAD, 0x89, 0xFD, 0x61, 0xD1 };"
"const uint8_t MASK[16] = { 0x54, 0x44, 0xF3, 0xF6, 0xE8, 0x82, 0xCD, 0x9A, 0xA0, 0xEA, 0xDB, 0x87, 0x3F, 0x27, 0xA9, 0x44 };"
"const uint8_t FINAL_MASK[16] = { 0x69, 0xDF, 0xEE, 0x09, 0xE7, 0x3B, 0x13, 0x68, 0x09, 0x8A, 0xC6, 0x5F, 0x19, 0x65, 0xCE, 0x75 };"
"const uint8_t MASK[16] = { 0xA4, 0xE5, 0x4E, 0x85, 0xD5, 0x49, 0xBD, 0x82, 0x52, 0x4D, 0xD4, 0xE2, 0x19, 0xE6, 0xEC, 0x78 };"
"const uint8_t FINAL_MASK[16] = { 0x57, 0xB3, 0x2F, 0x7C, 0xFF, 0xBD, 0xAC, 0x83, 0xCB, 0x42, 0x7B, 0x7B, 0x89, 0xC5, 0xF2, 0x12 };"
"const uint8_t MASK[16] = { 0xDB, 0x72, 0xF9, 0x88, 0x39, 0x72, 0xCF, 0x0B, 0x57, 0x06, 0x4C, 0x1A, 0xDC, 0x73, 0x36, 0x4D };"
"const uint8_t FINAL_MASK[16] = { 0xDD, 0x54, 0x26, 0x9F, 0x03, 0x0C, 0xFE, 0x1A, 0x18, 0x1E, 0x19, 0xA6, 0x0C, 0xDF, 0x8B, 0x12 };"
"const uint8_t MASK[16] = { 0x12, 0x9E, 0x85, 0xFF, 0xF0, 0xC6, 0x37, 0x8A, 0xCF, 0x7F, 0x89, 0xB1, 0x01, 0x96, 0x4C, 0x4A };"
"const uint8_t FINAL_MASK[16] = { 0xC0, 0x80, 0x0D, 0xCB, 0xA1, 0x81, 0x82, 0x46, 0x47, 0xD1, 0x65, 0xCD, 0xAC, 0x78, 0x0A, 0x83 };"
"const uint8_t MASK[16] = { 0x9F, 0x24, 0xBA, 0x39, 0xE7, 0x03, 0x73, 0xE7, 0xEB, 0xFB, 0x2B, 0x07, 0xBC, 0xD7, 0x7B, 0xC6 };"
"const uint8_t FINAL_MASK[16] = { 0x23, 0x87, 0x28, 0x2C, 0xEC, 0x36, 0x31, 0xB8, 0x92, 0x7D, 0x09, 0x86, 0x64, 0xD0, 0x06, 0xFB };"
"const uint8_t MASK[16] = { 0xAA, 0xB4, 0xDD, 0x72, 0x0E, 0x5C, 0x19, 0x5A, 0x9E, 0xB6, 0xA6, 0xB4, 0x4A, 0xD1, 0x9D, 0xC9 };"
"const uint8_t FINAL_MASK[16] = { 0xC1, 0xF6, 0xD4, 0xF3, 0x56, 0x28, 0xAF, 0xE1, 0x83, 0x74, 0xDA, 0xC0, 0xD3, 0x49, 0x3E, 0xE6 };"
"const uint8_t MASK[16] = { 0xAB, 0xAD, 0x4B, 0x60, 0x2C, 0x2D, 0x5D, 0x1E, 0xFD, 0x65, 0xD4, 0xAA, 0xF7, 0x52, 0x43, 0xC6 };"
"const uint8_t FINAL_MASK[16] = { 0x46, 0xC9, 0x02, 0x04, 0x38, 0x07, 0x91, 0xC8, 0xAD, 0xF4, 0x7C, 0x9E, 0x9C, 0xE5, 0xF5, 0xFA };"
"const uint8_t MASK[16] = { 0x48, 0x2D, 0x17, 0xC5, 0x8C, 0x5B, 0x24, 0x65, 0x39, 0x47, 0xA7, 0x6B, 0x25, 0x82, 0x17, 0x36 };"
"const uint8_t FINAL_MASK[16] = { 0xAB, 0xD3, 0xB5, 0x8F, 0xC5, 0x9C, 0xA6, 0xD7, 0x5A, 0xF6, 0x91, 0x1A, 0x3A, 0x66, 0x32, 0x7C };"
"const uint8_t MASK[16] = { 0x71, 0xBF, 0x19, 0xD6, 0x6F, 0xBB, 0xF7, 0x3F, 0xE8, 0x5F, 0xA6, 0x97, 0xBF, 0xF8, 0x5C, 0x53 };"
"const uint8_t FINAL_MASK[16] = { 0x53, 0xCC, 0x3E, 0x5F, 0x6A, 0xA0, 0xAD, 0x1F, 0x7A, 0x7B, 0xD7, 0x04, 0x8B, 0x11, 0x51, 0xB3 };"
"const uint8_t MASK[16] = { 0x8D, 0x2A, 0x27, 0x0E, 0x4D, 0xED, 0xF0, 0x19, 0xC8, 0x90, 0x79, 0x9F, 0x93, 0xA1, 0x02, 0x08 };"
"const uint8_t FINAL_MASK[16] = { 0x02, 0x24, 0xC5, 0x66, 0xC8, 0xFD, 0xDF, 0x28, 0xB6, 0x6D, 0x79, 0xC9, 0x49, 0x72, 0x68, 0xC1 };"
"const uint8_t MASK[16] = { 0x86, 0x71, 0xC6, 0xDC, 0x2F, 0x6F, 0x1E, 0x7A, 0xF2, 0x1C, 0x62, 0x18, 0xFE, 0x32, 0xF4, 0xC5 };"
"const uint8_t FINAL_MASK[16] = { 0xCD, 0x13, 0x53, 0xBE, 0x73, 0xFF, 0x38, 0xD5, 0xA2, 0xBF, 0x81, 0x9C, 0x28, 0x77, 0x94, 0x48 };"
"const uint8_t MASK[16] = { 0x53, 0xBE, 0x4D, 0xA0, 0x79, 0x0A, 0xFD, 0x4E, 0x14, 0x6E, 0x58, 0xC7, 0x58, 0xCB, 0xD8, 0x98 };"
"const uint8_t FINAL_MASK[16] = { 0xEC, 0x51, 0x2A, 0xC6, 0x54, 0xBE, 0xC5, 0x8C, 0x32, 0xC8, 0xBE, 0xA8, 0xE9, 0x6D, 0x44, 0x85 };"
"const uint8_t MASK[16] = { 0x04, 0xFC, 0xDD, 0x70, 0x97, 0x78, 0x23, 0x09, 0x96, 0x85, 0x32, 0x50, 0xFF, 0x0B, 0x93, 0xDD };"
"const uint8_t FINAL_MASK[16] = { 0x57, 0x46, 0x7C, 0x6C, 0x65, 0x53, 0x0C, 0x37, 0xF7, 0x71, 0x7A, 0xB4, 0x78, 0xB4, 0xF4, 0xF0 };"
"const uint8_t MASK[16] = { 0xA8, 0xF6, 0xE9, 0xA3, 0x79, 0xF4, 0xBF, 0x15, 0x37, 0x56, 0xCC, 0x7A, 0x70, 0x60, 0x2E, 0x8F };"
"const uint8_t FINAL_MASK[16] = { 0x52, 0x68, 0xE9, 0x63, 0xD0, 0x54, 0x8E, 0xA9, 0x97, 0xFB, 0x71, 0x19, 0x67, 0x59, 0xE7, 0xB1 };"
"const uint8_t MASK[16] = { 0xE9, 0xA8, 0x7B, 0xAA, 0xFA, 0xF4, 0x6B, 0x89, 0xA7, 0xCA, 0x38, 0xFD, 0x92, 0xD2, 0x54, 0xA4 };"
"const uint8_t FINAL_MASK[16] = { 0xB7, 0xC9, 0xC3, 0xC6, 0x20, 0xA2, 0xC4, 0xA7, 0x19, 0xD1, 0x43, 0xE7, 0xB8, 0xB1, 0x2B, 0x59 };"
"const uint8_t MASK[16] = { 0x78, 0x0E, 0x4C, 0xAE, 0x1A, 0x22, 0xD1, 0xF0, 0x29, 0xC3, 0x09, 0x3D, 0x75, 0xE1, 0x9F, 0xD7 };"
"const uint8_t FINAL_MASK[16] = { 0x8D, 0x31, 0x5E, 0x9A, 0x77, 0xDB, 0x94, 0x2A, 0x45, 0x2F, 0xD1, 0xC4, 0x9A, 0xC2, 0xA3, 0x03 };"
"const uint8_t MASK[16] = { 0x7D, 0xA4, 0x8B, 0xAF, 0x89, 0xEF, 0xA5, 0x1C, 0x28, 0xE2, 0xD8, 0xD3, 0x2E, 0x7D, 0x50, 0x1F };"
"const uint8_t FINAL_MASK[16] = { 0xEC, 0x9C, 0x4D, 0x4D, 0xFD, 0x5A, 0x5F, 0x62, 0x20, 0xA6, 0x9C, 0x5C, 0x62, 0x38, 0x77, 0xCB };"
"const uint8_t MASK[16] = { 0x75, 0x81, 0xA8, 0xE3, 0x6F, 0x62, 0x76, 0x95, 0x4B, 0xB8, 0xA0, 0xBA, 0x67, 0x1C, 0xC6, 0x78 };"
"const uint8_t FINAL_MASK[16] = { 0xE0, 0xD2, 0xFE, 0xB0, 0xBC, 0x48, 0xB2, 0x95, 0xF8, 0x58, 0x2D, 0xF9, 0xC0, 0xBC, 0xC7, 0xEA };"
"const uint8_t MASK[16] = { 0x38, 0x8F, 0xDF, 0xBC, 0x30, 0x7D, 0x16, 0x59, 0xF3, 0x77, 0x37, 0x29, 0x04, 0x76, 0xD1, 0x89 };"
"const uint8_t FINAL_MASK[16] = { 0xB3, 0xEC, 0x73, 0xC8, 0x80, 0x9B, 0x49, 0xDE, 0xB4, 0xEC, 0x7A, 0x26, 0x5A, 0x05, 0x38, 0x67 };"
"const uint8_t MASK[16] = { 0xA6, 0x54, 0xC7, 0xD4, 0xB8, 0x2F, 0x65, 0x0A, 0x7A, 0x00, 0x9F, 0xF5, 0xD4, 0x00, 0x7F, 0xBE };"
"const uint8_t FINAL_MASK[16] = { 0xD7, 0xB3, 0xD8, 0xE9, 0x6F, 0xDC, 0xFD, 0x23, 0xDB, 0xBC, 0xAE, 0x7A, 0xB9, 0x78, 0x8C, 0x1C };"
"const uint8_t MASK[16] = { 0xB0, 0xD1, 0xA0, 0x92, 0xC3, 0x2D, 0xDC, 0xA4, 0x00, 0xB9, 0x53, 0x51, 0xD5, 0x9F, 0xF0, 0xED };"
"const uint8_t FINAL_MASK[16] = { 0x7C, 0x47, 0x65, 0x1B, 0xC8, 0xC2, 0xAE, 0x1F, 0xB3, 0x93, 0xE6, 0xA6, 0x25, 0x2E, 0xC5, 0x2E };"
"const uint8_t MASK[16] = { 0x82, 0x2E, 0x8D, 0x27, 0x4D, 0x97, 0x17, 0xCD, 0x97, 0xCA, 0xC9, 0xBC, 0x3C, 0x22, 0x0F, 0x23 };"
"const uint8_t FINAL_MASK[16] = { 0x6B, 0xB0, 0x3B, 0x07, 0x7D, 0xA6, 0x8D, 0x16, 0x98, 0x18, 0x6B, 0xD6, 0x70, 0xF7, 0xA9, 0x39 };"
"const uint8_t MASK[16] = { 0x71, 0x6D, 0xF4, 0x1A, 0xE0, 0xD9, 0x69, 0xDE, 0x8E, 0x1F, 0xBA, 0xC0, 0xB0, 0x7F, 0x4A, 0xED };"
"const uint8_t FINAL_MASK[16] = { 0xD0, 0x31, 0xF6, 0xF2, 0x5F, 0xBA, 0xFE, 0x64, 0x12, 0xF2, 0x14, 0xCC, 0x42, 0x9E, 0xAF, 0x2F };"
"const uint8_t MASK[16] = { 0x61, 0x4A, 0x3D, 0x29, 0x10, 0x5F, 0x8F, 0xE6, 0x01, 0x22, 0x03, 0x45, 0xAB, 0x7E, 0xF4, 0x96 };"
"const uint8_t FINAL_MASK[16] = { 0xDD, 0x53, 0x7B, 0xF4, 0x9A, 0x3B, 0x5E, 0xB8, 0x1D, 0x06, 0x35, 0xD9, 0x9D, 0x3F, 0x8B, 0x7C };"
"const uint8_t MASK[16] = { 0x5A, 0x08, 0x44, 0x35, 0xEB, 0x0C, 0x76, 0x43, 0xC3, 0x54, 0xA6, 0x13, 0x11, 0x02, 0xCB, 0x63 };"
"const uint8_t FINAL_MASK[16] = { 0x28, 0xFD, 0x32, 0x7D, 0x42, 0x7E, 0xE1, 0xF5, 0xAF, 0x10, 0x29, 0x18, 0x72, 0xA1, 0xE2, 0x7E };"
"const uint8_t MASK[16] = { 0x11, 0x46, 0x91, 0xAF, 0x36, 0x58, 0x89, 0x42, 0x13, 0x19, 0x5B, 0x36, 0x53, 0x63, 0xCC, 0x78 };"
"const uint8_t FINAL_MASK[16] = { 0x99, 0x71, 0x05, 0xB8, 0xAF, 0xE3, 0x31, 0x95, 0xE1, 0xA6, 0x9F, 0x31, 0x81, 0xCF, 0xF1, 0x83 };"
"const uint8_t MASK[16] = { 0x31, 0x36, 0xCB, 0xE7, 0x84, 0x8F, 0x26, 0x93, 0x66, 0x4B, 0x67, 0x2F, 0x42, 0xCA, 0xA3, 0xAC };"
"const uint8_t FINAL_MASK[16] = { 0xE7, 0x5A, 0xAA, 0x13, 0x4E, 0xBC, 0x88, 0x49, 0x86, 0xFB, 0x3A, 0x4B, 0x34, 0x5D, 0xBF, 0x31 };"
"const uint8_t MASK[16] = { 0xA0, 0x8E, 0x15, 0xC2, 0xFF, 0x5C, 0x47, 0x25, 0xC8, 0xAD, 0x95, 0x56, 0xB7, 0xA7, 0xFB, 0x93 };"
"const uint8_t FINAL_MASK[16] = { 0x11, 0xC9, 0xCE, 0x09, 0xFA, 0xB9, 0xCE, 0x1E, 0x67, 0x97, 0x6B, 0x15, 0x22, 0x58, 0xC2, 0x4D };"
"const uint8_t MASK[16] = { 0x44, 0x32, 0xC6, 0x8D, 0x6A, 0xD1, 0xB2, 0xD3, 0x4E, 0xD2, 0x3B, 0xC8, 0x46, 0xD6, 0x59, 0xD8 };"
"const uint8_t FINAL_MASK[16] = { 0xA8, 0x55, 0x36, 0x3A, 0x16, 0x3D, 0x35, 0x71, 0xEF, 0xAC, 0xF3, 0x0D, 0xA2, 0xBA, 0x6F, 0x11 };"
"const uint8_t MASK[16] = { 0x3B, 0x2C, 0x46, 0x04, 0x82, 0xA5, 0xA2, 0x22, 0xCB, 0xC5, 0x49, 0xDF, 0x0C, 0x1C, 0x5E, 0x3F };"
"const uint8_t FINAL_MASK[16] = { 0x32, 0x94, 0x10, 0x01, 0xE4, 0xAB, 0x27, 0x8A, 0x0C, 0x0D, 0xE6, 0x26, 0xB2, 0x42, 0xD5, 0x66 };"
"const uint8_t MASK[16] = { 0x1E, 0xB8, 0x8A, 0x43, 0xC5, 0x8D, 0x9A, 0xA8, 0xA1, 0x0A, 0x1D, 0x42, 0x9A, 0x41, 0x07, 0x7F };"
"const uint8_t FINAL_MASK[16] = { 0xC3, 0x90, 0x7C, 0x81, 0xB8, 0xA4, 0xF3, 0xDA, 0xF9, 0xD4, 0xF7, 0x25, 0x09, 0x32, 0x3F, 0x56 };"
"const uint8_t MASK[16] = { 0x92, 0x60, 0x0D, 0xB5, 0x22, 0x3E, 0xA3, 0xB5, 0x86, 0x48, 0x25, 0x20, 0x79, 0xAD, 0x77, 0xB6 };"
"const uint8_t FINAL_MASK[16] = { 0x1A, 0xB5, 0x6F, 0x2D, 0x26, 0xE3, 0xA2, 0xCE, 0xF8, 0x60, 0xD2, 0x5F, 0x42, 0x3C, 0xEF, 0xBA };"
"const uint8_t MASK[16] = { 0xAF, 0x66, 0x86, 0xE6, 0x7C, 0x60, 0x52, 0x37, 0x16, 0xCD, 0xBA, 0xEC, 0x6A, 0xC5, 0x17, 0xC0 };"
"const uint8_t FINAL_MASK[16] = { 0x4D, 0x82, 0x1C, 0xB7, 0x64, 0x0B, 0xFF, 0x7B, 0x98, 0xFC, 0x24, 0x5B, 0x3E, 0x5A, 0xB3, 0x66 };"
"const uint8_t MASK[16] = { 0x4B, 0x7D, 0x92, 0x85, 0xE4, 0xCD, 0xE1, 0xD6, 0x04, 0xB5, 0x60, 0x37, 0x4E, 0xD3, 0xF5, 0xA1 };"
"const uint8_t FINAL_MASK[16] = { 0x73, 0x89, 0xF6, 0xA2, 0x8B, 0x24, 0xE6, 0xC4, 0xB5, 0xE1, 0xD1, 0x63, 0x0D, 0x41, 0xB6, 0x05 };"
"const uint8_t MASK[16] = { 0x94, 0x5B, 0x7A, 0xA8, 0x17, 0xA4, 0x1C, 0x4B, 0x31, 0xF6, 0x01, 0x12, 0x18, 0x2A, 0xD7, 0x85 };"
"const uint8_t FINAL_MASK[16] = { 0x33, 0x1C, 0xCC, 0xA0, 0x83, 0xD5, 0xD9, 0x73, 0x6C, 0xA5, 0x5C, 0xEC, 0xA7, 0xAB, 0x79, 0x41 };"
"const uint8_t MASK[16] = { 0xF3, 0xD1, 0xAA, 0x0D, 0x18, 0x31, 0x06, 0x4A, 0x81, 0xCD, 0xBE, 0x71, 0x20, 0xCF, 0x54, 0x79 };"
"const uint8_t FINAL_MASK[16] = { 0x13, 0x43, 0x79, 0x2C, 0xD6, 0x35, 0x70, 0x51, 0xC1, 0x32, 0x41, 0x85, 0x14, 0x2A, 0x01, 0x2F };"
"const uint8_t MASK[16] = { 0x98, 0x64, 0xC8, 0xE6, 0xD0, 0x79, 0x1B, 0x99, 0x5E, 0x9B, 0x6C, 0x21, 0xE7, 0x7F, 0x80, 0x06 };"
"const uint8_t FINAL_MASK[16] = { 0x24, 0xAC, 0xF0, 0x8D, 0xFC, 0x87, 0x28, 0xB2, 0x9B, 0x14, 0x01, 0x8C, 0x86, 0xF5, 0xAF, 0x04 };"
"const uint8_t MASK[16] = { 0x89, 0xCB, 0x04, 0x28, 0x88, 0x11, 0x4E, 0x42, 0x5A, 0x5A, 0xDD, 0x5A, 0x5C, 0xAC, 0x66, 0x95 };"
"const uint8_t FINAL_MASK[16] = { 0x5E, 0xA2, 0xFD, 0x93, 0x0D, 0x71, 0xF3, 0x2C, 0x4B, 0x1A, 0x6B, 0xEF, 0xB4, 0x1E, 0x5F, 0xBF };"
"const uint8_t MASK[16] = { 0xBC, 0x9C, 0xBA, 0x30, 0x94, 0xD6, 0x0C, 0x8A, 0xC1, 0x63, 0xE8, 0x32, 0x85, 0x42, 0x78, 0x93 };"
"const uint8_t FINAL_MASK[16] = { 0x2C, 0x20, 0x80, 0xEF, 0x65, 0x4E, 0x34, 0x08, 0x4A, 0xF3, 0x5A, 0x53, 0xE8, 0xD9, 0x47, 0xD4 };"
"const uint8_t MASK[16] = { 0x01, 0xEF, 0x0A, 0xA0, 0xBE, 0xC9, 0x0A, 0x4A, 0x09, 0x01, 0xD2, 0xE1, 0xE2, 0xF2, 0x46, 0x75 };"
"const uint8_t FINAL_MASK[16] = { 0xA5, 0xFB, 0xE5, 0x6B, 0x8B, 0x18, 0x21, 0x27, 0x4A, 0x7F, 0xEE, 0x10, 0x1E, 0x1F, 0xEC, 0x29 };"
"const uint8_t MASK[16] = { 0x31, 0x6C, 0x23, 0x7C, 0x17, 0xAC, 0x31, 0x56, 0x7C, 0x7E, 0x48, 0xF7, 0xF8, 0x12, 0x28, 0x4E };"
"const uint8_t FINAL_MASK[16] = { 0x8B, 0xE1, 0x53, 0x34, 0x15, 0x8B, 0xC7, 0x84, 0x14, 0x66, 0x84, 0x73, 0xA9, 0x95, 0x7A, 0x89 };"
"const uint8_t MASK[16] = { 0xFA, 0x59, 0xBD, 0x76, 0xA1, 0x5D, 0xAA, 0x4C, 0x83, 0x1E, 0x7F, 0xFD, 0xA6, 0xD1, 0x76, 0xCC };"
"const uint8_t FINAL_MASK[16] = { 0x83, 0xC2, 0x7A, 0xCF, 0xA3, 0x35, 0xB0, 0xF7, 0xF2, 0x66, 0xF9, 0xE8, 0xC4, 0xCD, 0x05, 0x86 };"
"const uint8_t MASK[16] = { 0x82, 0x1F, 0x66, 0x18, 0x9A, 0xAB, 0x9F, 0xCC, 0x50, 0x2E, 0x54, 0x16, 0xCB, 0x33, 0x2D, 0x5B };"
"const uint8_t FINAL_MASK[16] = { 0x08, 0xF8, 0x2E, 0x01, 0x95, 0xF1, 0x99, 0x74, 0x7B, 0x51, 0x3F, 0xF5, 0xED, 0x0D, 0xF0, 0xBB };"
"const uint8_t MASK[16] = { 0xD2, 0x0B, 0x60, 0x7A, 0xD9, 0xDB, 0x3D, 0xCE, 0xB2, 0x38, 0x68, 0x7A, 0xED, 0x8D, 0xBA, 0xD1 };"
"const uint8_t FINAL_MASK[16] = { 0xEA, 0x63, 0x37, 0xEB, 0xA7, 0x2E, 0xD9, 0xB4, 0x4C, 0x7B, 0xC5, 0xAA, 0xAD, 0xA0, 0xF0, 0x49 };"
"const uint8_t MASK[16] = { 0xD7, 0x5E, 0x11, 0x2D, 0xC5, 0x5E, 0x0A, 0xB2, 0x41, 0xD5, 0x3C, 0xBC, 0x3B, 0xEB, 0xC5, 0x73 };"
"const uint8_t FINAL_MASK[16] = { 0x89, 0xF9, 0x5F, 0x92, 0x73, 0xDA, 0xC0, 0x27, 0xA9, 0x05, 0x86, 0x8D, 0xCB, 0xFA, 0x93, 0x4D };"
"const uint8_t MASK[16] = { 0xE8, 0x43, 0x78, 0x2F, 0x29, 0x3D, 0x46, 0x90, 0x5E, 0xD9, 0x8B, 0x07, 0x39, 0x24, 0x51, 0xC0 };"
"const uint8_t FINAL_MASK[16] = { 0x8D, 0xE3, 0xB8, 0x38, 0x94, 0x54, 0x13, 0xB8, 0xC0, 0xEE, 0x3F, 0x82, 0xC7, 0x04, 0x4A, 0xB7 };"
"const uint8_t MASK[16] = { 0x18, 0xF6, 0x2B, 0xBC, 0x67, 0xE5, 0xE4, 0x14, 0xDE, 0xE1, 0xBE, 0x7B, 0x27, 0x80, 0x9F, 0x41 };"
"const uint8_t FINAL_MASK[16] = { 0xD8, 0x11, 0xBA, 0xD7, 0xD5, 0xA5, 0x4A, 0x3C, 0x63, 0xD9, 0xEB, 0xEE, 0x69, 0x15, 0x89, 0x37 };"
"const uint8_t MASK[16] = { 0xA9, 0x80, 0x9F, 0xC4, 0xC5, 0xC5, 0x50, 0x28, 0xDA, 0x51, 0xD0, 0xDA, 0xFE, 0xC9, 0x21, 0xBE };"
"const uint8_t FINAL_MASK[16] = { 0x15, 0xE7, 0x86, 0x9B, 0xD9, 0xC6, 0x56, 0xCD, 0xC7, 0x1C, 0x85, 0x49, 0x3C, 0x46, 0x72, 0x8E };"
"const uint8_t MASK[16] = { 0xDA, 0x65, 0x4D, 0x04, 0x15, 0xBD, 0x3C, 0x9C, 0x05, 0x06, 0x9A, 0x7C, 0x8C, 0x10, 0x6C, 0xF5 };"
"const uint8_t FINAL_MASK[16] = { 0x58, 0x53, 0x9C, 0x64, 0x51, 0x51, 0xE3, 0x02, 0x3E, 0x62, 0xF6, 0xD8, 0x93, 0x80, 0x98, 0xA8 };"
"const uint8_t MASK[16] = { 0x46, 0xE8, 0x48, 0xA9, 0xD3, 0x5B, 0x7E, 0x81, 0x5B, 0x33, 0xF1, 0x9B, 0x01, 0x94, 0xFE, 0xCF };"
"const uint8_t FINAL_MASK[16] = { 0xEB, 0x95, 0xED, 0xA9, 0xF5, 0x65, 0x34, 0xFB, 0x37, 0x20, 0x7D, 0xC1, 0x3B, 0xEB, 0x33, 0xFD };"
"const uint8_t MASK[16] = { 0x2B, 0x32, 0xBC, 0xBD, 0x65, 0x13, 0x5E, 0xF5, 0x6E, 0x66, 0x56, 0xCC, 0x5D, 0xCD, 0x4B, 0xA8 };"
"const uint8_t FINAL_MASK[16] = { 0x90, 0x54, 0xFA, 0x5C, 0x6B, 0xFC, 0xC7, 0x0A, 0x1F, 0x3E, 0x06, 0x86, 0xB1, 0x2B, 0x8A, 0x46 };"
"const uint8_t MASK[16] = { 0xF9, 0xFF, 0xF9, 0xB9, 0x34, 0x06, 0x3E, 0x24, 0x56, 0xC5, 0xC7, 0x65, 0xA2, 0xA7, 0xA1, 0x16 };"
"const uint8_t FINAL_MASK[16] = { 0xD9, 0x2C, 0x3D, 0x69, 0x9B, 0x7C, 0x3F, 0x8D, 0x32, 0x4A, 0xD7, 0x69, 0x20, 0xF7, 0xFB, 0xDC };"
"const uint8_t MASK[16] = { 0x9A, 0x3D, 0x82, 0x91, 0x14, 0x05, 0x65, 0xEF, 0x33, 0xB1, 0x3C, 0x3A, 0x20, 0x3F, 0xD8, 0xF3 };"
"const uint8_t FINAL_MASK[16] = { 0x1F, 0xE1, 0x08, 0xC2, 0x04, 0x60, 0x81, 0x34, 0x8F, 0x53, 0xD3, 0x83, 0x29, 0xFC, 0xB9, 0xE6 };"
"const uint8_t MASK[16] = { 0x13, 0x3E, 0xE1, 0x71, 0xB9, 0x4D, 0x0A, 0x89, 0xD2, 0x84, 0x20, 0x1F, 0x84, 0xC0, 0x5B, 0x5F };"
"const uint8_t FINAL_MASK[16] = { 0x18, 0x7B, 0x6B, 0x26, 0x2E, 0x95, 0x16, 0x28, 0xE5, 0xED, 0xA3, 0xFD, 0x8B, 0x11, 0xA2, 0xAE };"
"const uint8_t MASK[16] = { 0x56, 0x80, 0xDE, 0xAF, 0x33, 0x87, 0x1A, 0x18, 0xCE, 0x5B, 0xC8, 0xA5, 0xE0, 0xF7, 0x99, 0xFD };"
"const uint8_t FINAL_MASK[16] = { 0x79, 0xE8, 0xC9, 0x19, 0x4B, 0x85, 0x2A, 0xF7, 0x5E, 0xC3, 0xA8, 0xA3, 0x6D, 0xFC, 0xA7, 0x32 };"
"const uint8_t MASK[16] = { 0x2D, 0x19, 0x43, 0xA0, 0x80, 0xC9, 0x23, 0x69, 0x1C, 0xFF, 0xA3, 0x75, 0xB2, 0x6A, 0xB0, 0xD1 };"
"const uint8_t FINAL_MASK[16] = { 0xB2, 0xD2, 0xE2, 0x82, 0x8C, 0x60, 0xF0, 0x79, 0x43, 0xD2, 0xF1, 0xB8, 0x9B, 0xF1, 0x33, 0x29 };"
"const uint8_t MASK[16] = { 0x57, 0x28, 0xE8, 0x21, 0x38, 0x6A, 0x8C, 0xF4, 0x1B, 0xC5, 0x41, 0xA0, 0xC4, 0xE5, 0x19, 0xD4 };"
"const uint8_t FINAL_MASK[16] = { 0x0F, 0xAE, 0x28, 0x5E, 0xC8, 0x7B, 0x59, 0x1D, 0x60, 0x27, 0x84, 0xCA, 0x8B, 0x8D, 0x01, 0x86 };"
"const uint8_t MASK[16] = { 0x04, 0xD3, 0x57, 0x3A, 0xF4, 0xC9, 0x10, 0xAA, 0x29, 0x37, 0x04, 0xC2, 0x42, 0x9D, 0xD1, 0xF1 };"
"const uint8_t FINAL_MASK[16] = { 0x63, 0x66, 0x16, 0x08, 0x51, 0x92, 0xFF, 0xBD, 0x5C, 0xDD, 0xCE, 0xFE, 0xD3, 0xD1, 0x66, 0x99 };"
"const uint8_t MASK[16] = { 0xF4, 0xCD, 0xC1, 0xF2, 0x47, 0x72, 0x30, 0xC2, 0x2E, 0x47, 0x27, 0xE5, 0x98, 0x98, 0xB9, 0x64 };"
"const uint8_t FINAL_MASK[16] = { 0x5E, 0x6D, 0xDA, 0x3F, 0xBA, 0x6F, 0xD5, 0xB2, 0xC3, 0xD0, 0xC3, 0xE1, 0xB7, 0xCF, 0x13, 0x70 };"
"const uint8_t MASK[16] = { 0x57, 0xBC, 0xC5, 0x26, 0x0E, 0xD3, 0x18, 0x12, 0x92, 0x04, 0xAB, 0x4B, 0xF2, 0x29, 0xA4, 0x26 };"
"const uint8_t FINAL_MASK[16] = { 0x7E, 0xB9, 0x6E, 0x11, 0xE9, 0x61, 0x97, 0xAC, 0x56, 0x86, 0xA2, 0x7B, 0x1E, 0xE9, 0x2F, 0x37 };"
"const uint8_t MASK[16] = { 0xFA, 0xAF, 0xB3, 0xF7, 0x03, 0x88, 0xF1, 0x79, 0x4A, 0x95, 0x1E, 0x8C, 0x5B, 0xF6, 0xCD, 0xCC };"
"const uint8_t FINAL_MASK[16] = { 0x5F, 0xC2, 0x8E, 0x00, 0xCD, 0x7D, 0x26, 0x67, 0xBB, 0x11, 0x15, 0xA1, 0x1A, 0xFD, 0x9C, 0x5A };"
"const uint8_t MASK[16] = { 0xA3, 0xDC, 0x31, 0xB0, 0x3C, 0x1E, 0x01, 0x13, 0x07, 0x11, 0xC1, 0x24, 0x32, 0xF2, 0x8A, 0xA3 };"
"const uint8_t FINAL_MASK[16] = { 0xE5, 0x02, 0xCD, 0xF2, 0xC1, 0x0D, 0x2D, 0xCC, 0xA7, 0xCF, 0x04, 0x0D, 0x60, 0x8E, 0x28, 0x96 };"
"const uint8_t MASK[16] = { 0xD2, 0xF4, 0xDB, 0x0F, 0xE9, 0x62, 0x98, 0x3B, 0x17, 0xAE, 0x4A, 0x88, 0x2C, 0xF0, 0x5E, 0xF9 };"
"const uint8_t FINAL_MASK[16] = { 0x25, 0x65, 0x9F, 0xD1, 0x3F, 0xD2, 0x85, 0xEC, 0x51, 0xAE, 0xD9, 0x38, 0xD6, 0x88, 0x89, 0xBC };"
"const uint8_t MASK[16] = { 0x8F, 0x64, 0x26, 0x1E, 0x43, 0xE3, 0xFD, 0x5C, 0xEB, 0x88, 0x3F, 0x2F, 0xD1, 0x89, 0x58, 0x0D };"
"const uint8_t FINAL_MASK[16] = { 0x46, 0x80, 0xEE, 0x8A, 0xEF, 0x8C, 0x56, 0x41, 0x79, 0x8A, 0xA8, 0xE8, 0x81, 0x08, 0x4A, 0x70 };"
"const uint8_t MASK[16] = { 0x3A, 0x59, 0x35, 0x50, 0x41, 0xB4, 0x90, 0x8F, 0x4F, 0x56, 0x33, 0xF4, 0x5F, 0xF7, 0xCF, 0x54 };"
"const uint8_t FINAL_MASK[16] = { 0xB6, 0x65, 0xC9, 0xBA, 0x64, 0xB9, 0xFA, 0x27, 0x55, 0xBC, 0x04, 0x39, 0xEE, 0xA9, 0x69, 0x30 };"
"const uint8_t MASK[16] = { 0x1D, 0x94, 0x12, 0x3B, 0x80, 0x50, 0x8F, 0xD5, 0xF7, 0x86, 0x81, 0xC9, 0x74, 0x15, 0xCE, 0xD2 };"
"const uint8_t FINAL_MASK[16] = { 0x2E, 0x69, 0x0B, 0xCE, 0xD5, 0xCA, 0xB4, 0xE8, 0x94, 0x96, 0x5B, 0x6B, 0xFA, 0xC3, 0xF3, 0xE0 };"
"const uint8_t MASK[16] = { 0xF1, 0x97, 0xDA, 0x79, 0xB2, 0x12, 0xAA, 0x22, 0x84, 0x2D, 0x53, 0xA4, 0xCB, 0x40, 0x70, 0x5A };"
"const uint8_t FINAL_MASK[16] = { 0x8C, 0xAC, 0x50, 0x05, 0xCC, 0xD8, 0xF1, 0x41, 0x00, 0xA5, 0x52, 0xFF, 0x5E, 0x1B, 0xDE, 0x1E };"
"const uint8_t MASK[16] = { 0x80, 0x78, 0x89, 0x41, 0xE4, 0x43, 0x24, 0x63, 0xAB, 0xC7, 0x03, 0x86, 0x8F, 0x02, 0x5A, 0xBF };"
"const uint8_t FINAL_MASK[16] = { 0xAA, 0xEF, 0x87, 0x15, 0x1D, 0x46, 0x42, 0x0E, 0x32, 0x7A, 0x79, 0xBE, 0x98, 0x3B, 0xBB, 0xF4 };"
"const uint8_t MASK[16] = { 0x87, 0x2F, 0xD0, 0x4F, 0x0D, 0x7D, 0x30, 0xA4, 0x14, 0xFA, 0x1F, 0x78, 0xDE, 0x01, 0x91, 0x37 };"
"const uint8_t FINAL_MASK[16] = { 0x32, 0xC6, 0x9D, 0xE1, 0x3B, 0x49, 0xF0, 0x4E, 0x53, 0xB3, 0x6E, 0x24, 0x31, 0x39, 0x11, 0x39 };"
"const uint8_t MASK[16] = { 0x96, 0xF6, 0x8A, 0x4B, 0xC6, 0x9C, 0x29, 0x09, 0xE8, 0xCD, 0x31, 0xD8, 0xE3, 0xC6, 0x7E, 0xFD };"
"const uint8_t FINAL_MASK[16] = { 0x14, 0x31, 0x8A, 0x62, 0x53, 0xE4, 0x55, 0x68, 0x64, 0x42, 0x3B, 0x60, 0x55, 0xA4, 0xAB, 0x44 };"
"const uint8_t MASK[16] = { 0x47, 0x1F, 0xAD, 0x7A, 0x1C, 0xEE, 0x6B, 0x81, 0x93, 0x95, 0x7F, 0xE5, 0x2C, 0xB2, 0xB0, 0x52 };"
"const uint8_t FINAL_MASK[16] = { 0x15, 0x81, 0x78, 0xEA, 0x8B, 0x78, 0x58, 0xCC, 0xFB, 0xFE, 0xA7, 0xAB, 0x71, 0x63, 0x9B, 0xE8 };"
"const uint8_t MASK[16] = { 0xE8, 0xF0, 0xB7, 0x67, 0x87, 0x53, 0x2A, 0xBF, 0xBB, 0x5C, 0x31, 0xE0, 0x29, 0xE7, 0xF2, 0x5A };"
"const uint8_t FINAL_MASK[16] = { 0x31, 0x88, 0x52, 0x69, 0xAA, 0x03, 0x3F, 0xE6, 0x8B, 0xE5, 0x24, 0xE4, 0xCA, 0x2E, 0x67, 0x80 };"
"const uint8_t MASK[16] = { 0xC8, 0xC5, 0x24, 0xD5, 0xB7, 0x51, 0xBD, 0x35, 0x48, 0x0E, 0x09, 0xFC, 0xC4, 0xD8, 0xDE, 0xAD };"
"const uint8_t FINAL_MASK[16] = { 0x93, 0x9A, 0xF9, 0x9F, 0xB9, 0xE1, 0x08, 0xEF, 0xD1, 0x1D, 0xCD, 0x69, 0x41, 0x4B, 0xE7, 0xF7 };"
"const uint8_t MASK[16] = { 0x25, 0xC2, 0x9C, 0x58, 0x5D, 0x54, 0x9D, 0xF3, 0x3C, 0xC5, 0x4E, 0x2E, 0x97, 0x0D, 0x41, 0x22 };"
"const uint8_t FINAL_MASK[16] = { 0x76, 0xCE, 0xD9, 0x85, 0xFC, 0x2D, 0x61, 0x41, 0x68, 0xA7, 0xB4, 0x53, 0x0C, 0x4E, 0x3D, 0xAD };"
"const uint8_t MASK[16] = { 0x1A, 0xB2, 0x69, 0x8E, 0xA8, 0x16, 0xFD, 0x3F, 0x8C, 0xF2, 0xA3, 0x01, 0xDC, 0xF0, 0x86, 0x24 };"
"const uint8_t FINAL_MASK[16] = { 0x96, 0x97, 0x70, 0xF8, 0x11, 0x3D, 0xC3, 0x95, 0xE6, 0xE7, 0x77, 0xCD, 0x87, 0x78, 0xA7, 0x0C };"
"const uint8_t MASK[16] = { 0x50, 0x00, 0x1D, 0x36, 0x4F, 0x80, 0x4B, 0x15, 0x01, 0x08, 0x50, 0x9B, 0xE5, 0x5B, 0x53, 0xD4 };"
"const uint8_t FINAL_MASK[16] = { 0x26, 0x02, 0x64, 0x82, 0x9C, 0xB2, 0x0C, 0xB6, 0xB5, 0x59, 0xD0, 0xAD, 0x8A, 0xA5, 0x4E, 0x94 };"
"const uint8_t MASK[16] = { 0xC7, 0x45, 0x81, 0x87, 0x4C, 0x48, 0x7E, 0xE8, 0xF6, 0x1F, 0x27, 0xEC, 0xD8, 0x40, 0xC4, 0x4E };"
"const uint8_t FINAL_MASK[16] = { 0x50, 0x58, 0x89, 0xE6, 0x96, 0x7D, 0x07, 0x29, 0x8A, 0x34, 0x0C, 0xBD, 0x28, 0x45, 0xD4, 0xFD };"
"const uint8_t MASK[16] = { 0x28, 0x81, 0x5C, 0x16, 0x53, 0x03, 0x90, 0x22, 0x83, 0x74, 0xB2, 0x8A, 0xD6, 0xD5, 0x93, 0xFB };"
"const uint8_t FINAL_MASK[16] = { 0xD1, 0x6A, 0x71, 0xB8, 0x0D, 0x57, 0xDF, 0xBF, 0xF2, 0xFD, 0x82, 0x8B, 0xFE, 0x53, 0xA9, 0x94 };"
"const uint8_t MASK[16] = { 0xEC, 0xD6, 0x45, 0x5C, 0x56, 0x07, 0x55, 0x60, 0xDC, 0x6A, 0x32, 0x8D, 0x94, 0x19, 0x77, 0x12 };"
"const uint8_t FINAL_MASK[16] = { 0x93, 0x8B, 0xC9, 0xCA, 0x86, 0x1A, 0xF1, 0x2F, 0xF5, 0x5E, 0x52, 0x0E, 0xB9, 0xF2, 0xCA, 0x4E };"
"const uint8_t MASK[16] = { 0x79, 0xB1, 0xEE, 0xA6, 0x31, 0x8B, 0xCA, 0xC1, 0x66, 0x10, 0xE5, 0x77, 0x26, 0x85, 0x90, 0xC6 };"
"const uint8_t FINAL_MASK[16] = { 0x8D, 0xF4, 0x5E, 0x4C, 0x93, 0x64, 0x9D, 0xFC, 0xAE, 0xAC, 0xB5, 0xB2, 0x81, 0xD8, 0x21, 0x11 };"
"const uint8_t MASK[16] = { 0x5A, 0x74, 0x9B, 0x93, 0x97, 0x99, 0x6E, 0x4D, 0xFB, 0x48, 0x30, 0x8D, 0x8F, 0x26, 0x05, 0x79 };"
"const uint8_t FINAL_MASK[16] = { 0x05, 0x69, 0x62, 0xC1, 0xD0, 0x71, 0x90, 0xEC, 0xE4, 0xF5, 0xD6, 0xEF, 0xEC, 0xB9, 0x1C, 0x16 };"
"const uint8_t MASK[16] = { 0x85, 0x19, 0x62, 0x1A, 0x1E, 0xC9, 0x4F, 0xED, 0xE0, 0x97, 0xEF, 0x02, 0x89, 0x9C, 0xF3, 0x95 };"
"const uint8_t FINAL_MASK[16] = { 0x14, 0x7A, 0x01, 0xC4, 0xCE, 0xB1, 0x3D, 0xB7, 0xBD, 0xDA, 0xC1, 0x74, 0x27, 0xAF, 0x67, 0x44 };"
"const uint8_t MASK[16] = { 0xE5, 0xE9, 0x75, 0x99, 0x10, 0xC5, 0xB1, 0x17, 0x51, 0xC0, 0xB2, 0x52, 0xB4, 0x32, 0x64, 0xDA };"
"const uint8_t FINAL_MASK[16] = { 0xDA, 0x04, 0x82, 0x0C, 0x99, 0x86, 0x55, 0x10, 0x1A, 0x28, 0xBF, 0xC9, 0xC0, 0x44, 0x3C, 0x7C };"
"const uint8_t MASK[16] = { 0x55, 0x86, 0xA9, 0x49, 0xE5, 0x98, 0x6E, 0x18, 0x3A, 0xF5, 0x6E, 0x27, 0x70, 0x91, 0xF8, 0x58 };"
"const uint8_t FINAL_MASK[16] = { 0x1E, 0x03, 0x57, 0xC5, 0xED, 0xB3, 0xD8, 0x01, 0xDE, 0xCF, 0x48, 0xB4, 0xAE, 0x57, 0x6A, 0x90 };"
"const uint8_t MASK[16] = { 0xCD, 0x75, 0x44, 0x83, 0x71, 0x58, 0xC6, 0x72, 0xCC, 0x0B, 0x81, 0xD0, 0x44, 0x4D, 0x2D, 0x39 };"
"const uint8_t FINAL_MASK[16] = { 0x5E, 0x2C, 0x30, 0x1E, 0x48, 0x98, 0x52, 0x5C, 0x9A, 0x39, 0xE9, 0x67, 0x21, 0xE8, 0xB3, 0x3B };"
"const uint8_t MASK[16] = { 0xF7, 0x7A, 0x0C, 0x41, 0x1B, 0xE2, 0xC3, 0xF9, 0x10, 0x8D, 0x4D, 0x8F, 0x75, 0x8E, 0xF7, 0x22 };"
"const uint8_t FINAL_MASK[16] = { 0xF0, 0xAF, 0xB6, 0xE1, 0xE1, 0x5B, 0x86, 0xCF, 0x94, 0xFB, 0x02, 0x8C, 0x2F, 0x55, 0xB0, 0xEF };"
"const uint8_t MASK[16] = { 0xF6, 0x0E, 0x01, 0x7F, 0x69, 0xF8, 0x8E, 0x39, 0xAE, 0x15, 0xE6, 0x17, 0x52, 0x84, 0x14, 0xB5 };"
"const uint8_t FINAL_MASK[16] = { 0xDD, 0xEB, 0x07, 0x28, 0x0C, 0xCF, 0xFE, 0xAF, 0x52, 0xD7, 0xC7, 0xC1, 0x7B, 0x20, 0xC8, 0x08 };"
"const uint8_t MASK[16] = { 0xAC, 0x9A, 0xC9, 0x24, 0x07, 0x53, 0x25, 0x62, 0xBA, 0x47, 0x91, 0x90, 0x89, 0xCB, 0x8D, 0x15 };"
"const uint8_t FINAL_MASK[16] = { 0xF4, 0xC9, 0x74, 0x55, 0x01, 0x7F, 0x20, 0xF1, 0x74, 0x76, 0x8D, 0x81, 0x78, 0x5F, 0x99, 0xCB };"
"const uint8_t MASK[16] = { 0x68, 0x3F, 0xEA, 0x1D, 0x3D, 0x73, 0xBA, 0x5D, 0x52, 0x60, 0xF2, 0x0C, 0x9C, 0xE6, 0x46, 0xDD };"
"const uint8_t FINAL_MASK[16] = { 0x1C, 0x14, 0x70, 0x4A, 0xC0, 0x40, 0x72, 0x52, 0xCB, 0xF4, 0x40, 0x9F, 0xF0, 0x3A, 0x65, 0xBC };"
"const uint8_t MASK[16] = { 0x36, 0x98, 0xAD, 0xA6, 0x99, 0xB3, 0xEF, 0x2F, 0x42, 0xD4, 0x6C, 0x56, 0x4A, 0x83, 0x69, 0xDD };"
"const uint8_t FINAL_MASK[16] = { 0x97, 0xB0, 0xCE, 0x9C, 0x79, 0x80, 0x87, 0x8A, 0xF4, 0x17, 0x91, 0xB7, 0xA9, 0x9A, 0x5E, 0x3C };"
"const uint8_t MASK[16] = { 0x06, 0xF1, 0x57, 0x8E, 0x25, 0x42, 0x8E, 0x1C, 0xD9, 0x80, 0xBB, 0x85, 0xA6, 0xAA, 0xD0, 0xA9 };"
"const uint8_t FINAL_MASK[16] = { 0x64, 0x3A, 0x06, 0x5F, 0x38, 0xC5, 0x3A, 0x15, 0x42, 0xD3, 0x1C, 0x79, 0x1E, 0xD0, 0x0E, 0xE7 };"
"const uint8_t MASK[16] = { 0xC0, 0xD6, 0x0B, 0x4F, 0xFB, 0x1D, 0xB8, 0x44, 0x1C, 0x28, 0xFA, 0x87, 0x66, 0x4B, 0x2A, 0x10 };"
"const uint8_t FINAL_MASK[16] = { 0x65, 0x7B, 0x73, 0x3D, 0xD1, 0xC7, 0x97, 0x31, 0xA6, 0xFF, 0x25, 0x0B, 0x18, 0x37, 0x43, 0x4A };"
"const uint8_t MASK[16] = { 0x34, 0x0C, 0x0E, 0x8C, 0xB5, 0x5A, 0x97, 0x15, 0x2E, 0x05, 0x90, 0x44, 0x9A, 0x02, 0xD1, 0x68 };"
"const uint8_t FINAL_MASK[16] = { 0x95, 0xDF, 0xAF, 0xD5, 0x3B, 0xFA, 0xBF, 0x87, 0x2B, 0x0A, 0x02, 0x8E, 0x18, 0x89, 0xF0, 0x51 };"
"const uint8_t MASK[16] = { 0xF2, 0x3F, 0x1A, 0xF7, 0x57, 0xF2, 0x6E, 0x47, 0xB3, 0x61, 0xE9, 0x57, 0xD0, 0x1A, 0xD4, 0x4F };"
"const uint8_t FINAL_MASK[16] = { 0x11, 0x3E, 0xDE, 0x57, 0x37, 0x31, 0xF6, 0xCE, 0x03, 0x91, 0x84, 0x4C, 0x82, 0x0C, 0x09, 0xF3 };"
"const uint8_t MASK[16] = { 0xA0, 0x3C, 0xA5, 0x42, 0xAA, 0x52, 0x49, 0xF6, 0x9A, 0x5F, 0xBB, 0x14, 0xBB, 0x3C, 0xBD, 0xCC };"
"const uint8_t FINAL_MASK[16] = { 0xB5, 0x64, 0x3C, 0xFB, 0x2C, 0x14, 0x81, 0xA7, 0x26, 0x3A, 0xA6, 0x33, 0xF9, 0x8E, 0xE8, 0xEF };"
"const uint8_t MASK[16] = { 0x4D, 0x6E, 0xC0, 0x47, 0xA7, 0xB4, 0xEE, 0x6E, 0x37, 0xE1, 0x5F, 0x51, 0x69, 0xAD, 0xA5, 0x51 };"
"const uint8_t FINAL_MASK[16] = { 0x70, 0x82, 0xD0, 0x14, 0x52, 0xFC, 0x15, 0x0C, 0x5B, 0x12, 0xC7, 0x6F, 0x2B, 0xEE, 0xE3, 0xF9 };"
"const uint8_t MASK[16] = { 0x39, 0xCB, 0x19, 0x9F, 0x60, 0x9F, 0x0D, 0x99, 0x97, 0xB2, 0xDD, 0x04, 0x1B, 0x70, 0xAE, 0x3D };"
"const uint8_t FINAL_MASK[16] = { 0x9E, 0x2D, 0x06, 0x51, 0xBE, 0x19, 0xC9, 0x93, 0x7C, 0x5D, 0x6B, 0x7B, 0xAF, 0x4F, 0x89, 0xD0 };"
"const uint8_t MASK[16] = { 0x3E, 0xFD, 0x43, 0xDF, 0xF8, 0x0A, 0x05, 0x7B, 0x59, 0xD7, 0x16, 0x56, 0x78, 0x87, 0x34, 0x25 };"
"const uint8_t FINAL_MASK[16] = { 0xFA, 0xA8, 0x55, 0xC6, 0x06, 0x50, 0xBE, 0xFD, 0x35, 0xC6, 0x41, 0x0D, 0x1D, 0x12, 0x83, 0xD9 };"
"const uint8_t MASK[16] = { 0xDF, 0x24, 0x36, 0xDC, 0xAE, 0xE8, 0x96, 0x96, 0x81, 0xC7, 0x7D, 0x13, 0x0B, 0x32, 0x1A, 0x3C };"
"const uint8_t FINAL_MASK[16] = { 0x88, 0x52, 0x30, 0xF0, 0x0F, 0x28, 0x2A, 0x69, 0xFA, 0xB2, 0x28, 0xAA, 0x06, 0xF6, 0x74, 0x8C };"
"const uint8_t MASK[16] = { 0x1C, 0x29, 0x8B, 0xA7, 0x41, 0x43, 0xD3, 0xB7, 0x3E, 0x39, 0xA7, 0xB7, 0x1B, 0xC6, 0xAC, 0xD5 };"
"const uint8_t FINAL_MASK[16] = { 0x1E, 0xA8, 0x2D, 0x44, 0xEE, 0xD4, 0xC9, 0xEC, 0xBE, 0xCD, 0xD8, 0x6A, 0x15, 0xF5, 0x1C, 0xD9 };"
"const uint8_t MASK[16] = { 0x60, 0xA5, 0x4A, 0x62, 0x95, 0x16, 0x22, 0x2E, 0xCF, 0x1B, 0x04, 0xC9, 0x83, 0xDE, 0x1F, 0xF8 };"
"const uint8_t FINAL_MASK[16] = { 0x68, 0xE8, 0x5F, 0x18, 0xC7, 0x0F, 0x3B, 0x5E, 0x45, 0xBF, 0x76, 0xF5, 0x26, 0x13, 0x1D, 0x58 };"
"const uint8_t MASK[16] = { 0x82, 0xC8, 0x5F, 0xFB, 0xEB, 0x5F, 0xF8, 0xB0, 0xD2, 0xC4, 0x84, 0x95, 0xB7, 0xC7, 0x9D, 0x0D };"
"const uint8_t FINAL_MASK[16] = { 0x0F, 0x58, 0x61, 0x21, 0x1F, 0x93, 0x4E, 0x7C, 0x15, 0x30, 0x63, 0x17, 0x96, 0x93, 0x05, 0x9A };"
"const uint8_t MASK[16] = { 0x80, 0x42, 0xDB, 0x0C, 0x46, 0xD9, 0x57, 0xBB, 0x29, 0xAE, 0x3D, 0xA0, 0x69, 0x3A, 0x5A, 0xBA };"
"const uint8_t FINAL_MASK[16] = { 0x1A, 0xAD, 0xDE, 0x81, 0x3D, 0xB4, 0xB9, 0xD4, 0x63, 0xAA, 0x1C, 0x31, 0x3C, 0x1B, 0x0B, 0x93 };"
"const uint8_t MASK[16] = { 0xCB, 0xB7, 0xB1, 0xF0, 0xD6, 0xD3, 0x84, 0xF3, 0xEF, 0x5A, 0xC7, 0x7A, 0x32, 0xAE, 0x98, 0x32 };"
"const uint8_t FINAL_MASK[16] = { 0xD2, 0x1D, 0xC1, 0x60, 0xD2, 0x16, 0x4C, 0x9A, 0x18, 0xAC, 0x04, 0xF2, 0xD4, 0x72, 0x12, 0xA3 };"
"const uint8_t MASK[16] = { 0x88, 0x54, 0xEB, 0x3C, 0x7C, 0x71, 0xAE, 0xE2, 0x73, 0xFB, 0x05, 0xBB, 0xB4, 0x53, 0xF8, 0x5F };"
"const uint8_t FINAL_MASK[16] = { 0x16, 0x2E, 0x9F, 0x27, 0x46, 0xB7, 0x90, 0xD7, 0x06, 0xD7, 0x7E, 0x14, 0xD0, 0x00, 0x57, 0xFF };"
"const uint8_t MASK[16] = { 0x5C, 0x0C, 0x00, 0x6C, 0xED, 0xFA, 0x60, 0xD9, 0xA3, 0x09, 0xA5, 0x7F, 0xDB, 0xF0, 0x9E, 0xCA };"
"const uint8_t FINAL_MASK[16] = { 0xB8, 0x20, 0x5F, 0x05, 0xE0, 0x0D, 0xC4, 0x59, 0xE1, 0xC9, 0x84, 0x7E, 0x99, 0xE0, 0xD6, 0xEB };"
"const uint8_t MASK[16] = { 0x0F, 0x00, 0xD2, 0x7A, 0x4B, 0x90, 0x01, 0x81, 0x4D, 0x32, 0xC7, 0xEC, 0x8F, 0xD9, 0x43, 0x42 };"
"const uint8_t FINAL_MASK[16] = { 0xF5, 0xFF, 0xF5, 0x35, 0xE1, 0x7F, 0xF9, 0x2D, 0xC1, 0xCF, 0x39, 0xB2, 0xEC, 0x04, 0x45, 0xDC };"
"const uint8_t MASK[16] = { 0x90, 0x19, 0x35, 0xC8, 0x34, 0x51, 0x4F, 0xC1, 0x67, 0x3E, 0xBB, 0x27, 0x17, 0x54, 0x81, 0x8F };"
"const uint8_t FINAL_MASK[16] = { 0xFA, 0x59, 0xA2, 0x79, 0x3E, 0x4C, 0x51, 0x20, 0xE6, 0x1E, 0x4C, 0xDB, 0x46, 0x9E, 0x43, 0x6B };"
"const uint8_t MASK[16] = { 0x5B, 0xC9, 0xB8, 0x58, 0x9E, 0x26, 0x3E, 0x46, 0x17, 0x0B, 0xAC, 0xFF, 0xEF, 0xB3, 0x3D, 0xAF };"
"const uint8_t FINAL_MASK[16] = { 0x06, 0xAC, 0x3C, 0x2A, 0xDD, 0x3C, 0x9A, 0x70, 0x73, 0xF6, 0x8B, 0x1A, 0x2E, 0xFE, 0xB2, 0x0F };"
"const uint8_t MASK[16] = { 0x30, 0xF8, 0x5C, 0x7E, 0xEA, 0xCB, 0x7F, 0x38, 0x3C, 0x00, 0x6B, 0xC3, 0x39, 0x71, 0x87, 0x35 };"
"const uint8_t FINAL_MASK[16] = { 0xBA, 0x24, 0x07, 0xB7, 0x44, 0xED, 0x55, 0xDA, 0x04, 0xD7, 0x85, 0xF7, 0xF2, 0x01, 0xEE, 0x4D };"
"const uint8_t MASK[16] = { 0x15, 0x85, 0xE7, 0x57, 0xFF, 0xB3, 0x14, 0xA7, 0x0A, 0xAA, 0xC0, 0xAA, 0x5A, 0xDA, 0x70, 0x03 };"
"const uint8_t FINAL_MASK[16] = { 0x25, 0x9B, 0x83, 0x83, 0x69, 0x6B, 0x96, 0xDB, 0xE4, 0x00, 0x17, 0x5E, 0x57, 0x85, 0x2D, 0xFE };"
"const uint8_t MASK[16] = { 0xBB, 0xDD, 0x41, 0x82, 0x7F, 0xE5, 0xD2, 0x5C, 0xEE, 0xAF, 0xD1, 0x35, 0x0A, 0x8E, 0x7B, 0x54 };"
"const uint8_t FINAL_MASK[16] = { 0xED, 0x56, 0xF0, 0x49, 0x41, 0x18, 0x52, 0xA8, 0xD5, 0x04, 0x8A, 0x43, 0x70, 0x2F, 0x79, 0x30 };"
"const uint8_t MASK[16] = { 0x9D, 0xA3, 0xBC, 0xA2, 0xEE, 0xD1, 0x55, 0xED, 0x16, 0xDA, 0x0B, 0xD9, 0x69, 0x62, 0xD2, 0xCD };"
"const uint8_t FINAL_MASK[16] = { 0xB0, 0x2D, 0x68, 0x74, 0x63, 0x33, 0xDF, 0xFF, 0x7A, 0x5F, 0xC2, 0xE0, 0x9D, 0xD1, 0xB2, 0x76 };"
"const uint8_t MASK[16] = { 0x61, 0x47, 0x9C, 0x43, 0x60, 0x38, 0x41, 0x0D, 0xA3, 0x69, 0x09, 0x44, 0x8F, 0xEF, 0x40, 0x61 };"
"const uint8_t FINAL_MASK[16] = { 0x8B, 0xAC, 0x1F, 0xBC, 0x55, 0xCC, 0x4F, 0x18, 0x7E, 0x95, 0xF0, 0x97, 0x52, 0x9D, 0xAC, 0x0A };"
"const uint8_t MASK[16] = { 0xD6, 0xCC, 0x5B, 0x17, 0xBB, 0xBB, 0xF3, 0x91, 0xC2, 0x36, 0x36, 0x4A, 0x6B, 0x5D, 0xB2, 0x1A };"
"const uint8_t FINAL_MASK[16] = { 0x41, 0x56, 0x8F, 0x4B, 0xA9, 0xFE, 0x6C, 0x1D, 0x45, 0xF5, 0x2F, 0x3D, 0x26, 0xEF, 0x28, 0x68 };"
"const uint8_t MASK[16] = { 0xA5, 0xE2, 0xE1, 0xE7, 0xE6, 0x5B, 0x04, 0x3C, 0x81, 0x3E, 0x20, 0xFE, 0x5A, 0xEA, 0x7E, 0x34 };"
"const uint8_t FINAL_MASK[16] = { 0x02, 0xB5, 0x08, 0x7A, 0x1B, 0x56, 0x14, 0x74, 0xFA, 0x5D, 0xCD, 0x8B, 0xA5, 0xC2, 0xA5, 0xC3 };"
"const uint8_t MASK[16] = { 0x39, 0x7C, 0x44, 0x8B, 0x05, 0xB7, 0x76, 0x54, 0x7C, 0x62, 0x36, 0x3B, 0xFB, 0x49, 0xC5, 0xA4 };"
"const uint8_t FINAL_MASK[16] = { 0x84, 0xEF, 0xD7, 0x39, 0x6D, 0x9F, 0xAE, 0xB6, 0x27, 0x74, 0xB3, 0xB8, 0x0A, 0x90, 0x38, 0xF5 };"
"const uint8_t MASK[16] = { 0xED, 0x21, 0xF7, 0xA8, 0x00, 0x2D, 0xC2, 0xFA, 0x05, 0x2A, 0xCE, 0xA3, 0xEA, 0xE8, 0x06, 0x7E };"
"const uint8_t FINAL_MASK[16] = { 0x81, 0x5A, 0xE2, 0xD5, 0xDD, 0xDD, 0xCE, 0xD6, 0xE0, 0x88, 0xB2, 0x8D, 0x79, 0xD3, 0x07, 0x48 };"
"const uint8_t MASK[16] = { 0x17, 0x51, 0x2B, 0x25, 0x1B, 0x60, 0xCC, 0xAE, 0xA9, 0x8F, 0x4B, 0xF4, 0x05, 0xB5, 0x4D, 0xFD };"
"const uint8_t FINAL_MASK[16] = { 0x94, 0xE3, 0xE4, 0xB9, 0xEA, 0x1D, 0xC2, 0xF9, 0x59, 0x80, 0xE5, 0x73, 0xD5, 0x44, 0x79, 0x71 };"
"const uint8_t MASK[16] = { 0x46, 0x5E, 0x75, 0x3F, 0xA3, 0x58, 0x27, 0xF4, 0x09, 0xA0, 0xDB, 0x3A, 0x24, 0x40, 0x58, 0x1C };"
"const uint8_t FINAL_MASK[16] = { 0x15, 0x67, 0x56, 0xCC, 0x74, 0xCE, 0x11, 0xB8, 0x08, 0x71, 0x57, 0xC8, 0x95, 0xE3, 0x85, 0xFE };"
"const uint8_t MASK[16] = { 0x76, 0xB9, 0xF1, 0x2E, 0x26, 0xC2, 0x21, 0x15, 0xC4, 0xA5, 0xE0, 0x9A, 0xAB, 0xD5, 0x2C, 0x4C };"
"const uint8_t FINAL_MASK[16] = { 0xD5, 0x57, 0x9B, 0xAD, 0x1D, 0x58, 0x63, 0xB3, 0xF4, 0x22, 0x7F, 0x75, 0x0A, 0xC1, 0x73, 0xDC };"
"const uint8_t MASK[16] = { 0x8D, 0xA4, 0x49, 0x42, 0x45, 0x5C, 0x82, 0xBA, 0x79, 0xB3, 0x08, 0x6C, 0xC1, 0xF7, 0x0A, 0x56 };"
"const uint8_t FINAL_MASK[16] = { 0x5E, 0x4C, 0xC2, 0xB1, 0x99, 0xEE, 0x2B, 0x75, 0xC8, 0xF7, 0xEA, 0xAC, 0x81, 0x70, 0x14, 0x3A };"
"const uint8_t MASK[16] = { 0x0E, 0x0B, 0x9C, 0x6D, 0x3B, 0xB1, 0xE1, 0xE3, 0x63, 0x63, 0xA2, 0x21, 0x46, 0x0A, 0x57, 0x77 };"
"const uint8_t FINAL_MASK[16] = { 0xB1, 0x12, 0x1B, 0x86, 0xA5, 0xFF, 0x5E, 0x96, 0xD8, 0x57, 0xE1, 0xAB, 0xD6, 0x6A, 0xE1, 0x88 };"
"const uint8_t MASK[16] = { 0x96, 0x37, 0xEA, 0xDE, 0x3E, 0x8E, 0xA6, 0x1E, 0xB0, 0x1D, 0xF7, 0x15, 0xA8, 0x5A, 0x1E, 0xF4 };"
"const uint8_t FINAL_MASK[16] = { 0xE4, 0x86, 0x75, 0x53, 0xEC, 0x92, 0x4C, 0x00, 0x76, 0xF4, 0xC0, 0x83, 0xA0, 0xD9, 0xCB, 0x99 };"
"const uint8_t MASK[16] = { 0xF7, 0xBD, 0x51, 0x57, 0xE4, 0x25, 0x99, 0x6E, 0x95, 0xDF, 0x44, 0x15, 0x92, 0x1A, 0xB0, 0x62 };"
"const uint8_t FINAL_MASK[16] = { 0x21, 0x6C, 0xC7, 0xEC, 0xB9, 0xE7, 0xF1, 0xE1, 0x6C, 0x19, 0x36, 0x1B, 0xF1, 0x2F, 0x5A, 0x5C };"
"const uint8_t MASK[16] = { 0x97, 0x39, 0xA4, 0x8D, 0x8F, 0x5D, 0xAB, 0x8E, 0x53, 0xBB, 0x01, 0x7F, 0x9B, 0xCE, 0x13, 0x00 };"
"const uint8_t FINAL_MASK[16] = { 0xDE, 0x0F, 0xCF, 0x8A, 0xB3, 0x5A, 0xBD, 0xC7, 0x86, 0xE8, 0xF7, 0xA8, 0x94, 0x7C, 0x0A, 0xD5 };"
"const uint8_t MASK[16] = { 0x6B, 0x3A, 0x2E, 0x0D, 0x1F, 0xE2, 0x83, 0x8C, 0x76, 0xFA, 0x99, 0xF6, 0x9B, 0xDD, 0x87, 0x0C };"
"const uint8_t FINAL_MASK[16] = { 0x4A, 0x4B, 0x6E, 0xA1, 0x9E, 0x8C, 0x37, 0x46, 0xB4, 0xA5, 0xB1, 0x2C, 0xA3, 0x0A, 0x59, 0x43 };"
"const uint8_t MASK[16] = { 0x20, 0x37, 0x14, 0xC0, 0xAF, 0xC9, 0x0A, 0x77, 0x9E, 0x0A, 0xF8, 0x55, 0x65, 0x20, 0x47, 0x49 };"
"const uint8_t FINAL_MASK[16] = { 0x02, 0xD7, 0xFF, 0x65, 0x67, 0x7E, 0x62, 0xDB, 0x1F, 0x27, 0xEF, 0x4B, 0x86, 0x03, 0x5C, 0x8C };"
"const uint8_t MASK[16] = { 0xB3, 0x41, 0x7C, 0xB4, 0xED, 0x94, 0x82, 0x96, 0x37, 0xB9, 0x57, 0x02, 0xB1, 0x37, 0x95, 0x9C };"
"const uint8_t FINAL_MASK[16] = { 0xF3, 0x5D, 0x37, 0x76, 0x2E, 0x4F, 0x9A, 0xD4, 0xDF, 0x1E, 0x9D, 0x75, 0x9F, 0x9E, 0x50, 0x6E };"
"const uint8_t MASK[16] = { 0x48, 0xEF, 0x17, 0x63, 0x14, 0xCE, 0x44, 0x98, 0x31, 0x76, 0x5D, 0xCC, 0xE9, 0xE1, 0xD9, 0x37 };"
"const uint8_t FINAL_MASK[16] = { 0xDB, 0x7B, 0x3A, 0xEA, 0xF4, 0x22, 0xCF, 0xD8, 0x83, 0x03, 0xDE, 0xBA, 0xEC, 0x31, 0xB1, 0xFF };"
"const uint8_t MASK[16] = { 0x12, 0xF8, 0x46, 0xBD, 0x6E, 0x40, 0xD4, 0xCF, 0x65, 0xFA, 0x48, 0xED, 0x5A, 0xE7, 0x6F, 0xE4 };"
"const uint8_t FINAL_MASK[16] = { 0xBA, 0x58, 0xF5, 0x8B, 0x92, 0x40, 0x01, 0x6C, 0xC1, 0xFE, 0xAC, 0x1D, 0xB4, 0x50, 0xFD, 0xE2 };"
"const uint8_t MASK[16] = { 0xC8, 0xD9, 0x10, 0x40, 0xD4, 0x8F, 0x83, 0x05, 0x4B, 0x0C, 0x89, 0xB7, 0xDA, 0x4B, 0xFE, 0xF5 };"
"const uint8_t FINAL_MASK[16] = { 0xD7, 0xB0, 0xF2, 0x8C, 0x62, 0x6A, 0xFD, 0xF9, 0x17, 0x53, 0x3C, 0x81, 0xFE, 0x2F, 0x83, 0x63 };"
"const uint8_t MASK[16] = { 0x96, 0x2F, 0xF0, 0x87, 0xC7, 0x58, 0xE2, 0x4E, 0x2B, 0x01, 0xD7, 0xAC, 0x49, 0xD1, 0x59, 0x93 };"
"const uint8_t FINAL_MASK[16] = { 0x2A, 0x55, 0x02, 0x66, 0x93, 0x8B, 0x2B, 0xA7, 0x9F, 0xE3, 0xB1, 0x30, 0xBD, 0xFD, 0xE1, 0x19 };"
"const uint8_t MASK[16] = { 0xFB, 0x76, 0x4F, 0x7C, 0x06, 0xCB, 0x10, 0x72, 0x36, 0xEE, 0x0B, 0xFC, 0xE1, 0x64, 0xD4, 0x0A };"
"const uint8_t FINAL_MASK[16] = { 0x5D, 0x98, 0x98, 0xEA, 0xE2, 0xCC, 0x57, 0x63, 0xA1, 0x67, 0x52, 0x88, 0xBE, 0x2F, 0xA9, 0xF6 };"
"const uint8_t MASK[16] = { 0x52, 0xF5, 0x10, 0xA0, 0x0A, 0x16, 0xC6, 0xC4, 0xF1, 0xB8, 0xFF, 0xDB, 0xB3, 0xE3, 0xCC, 0x77 };"
"const uint8_t FINAL_MASK[16] = { 0x19, 0x6D, 0xA3, 0x97, 0xA1, 0x42, 0xD2, 0x7E, 0x72, 0x58, 0x00, 0x42, 0x2E, 0xA6, 0x69, 0x03 };"
"const uint8_t MASK[16] = { 0x6D, 0x3D, 0x27, 0x99, 0xA3, 0x8D, 0xC9, 0xEF, 0x58, 0xED, 0x31, 0xAD, 0x47, 0x37, 0xBD, 0xFB };"
"const uint8_t FINAL_MASK[16] = { 0xD5, 0x68, 0x42, 0x2D, 0x84, 0x23, 0x17, 0x5A, 0x9C, 0xAA, 0xBB, 0x92, 0xB9, 0x06, 0x56, 0xD4 };"
"const uint8_t MASK[16] = { 0xC5, 0x9B, 0x49, 0x8A, 0x61, 0x72, 0x4B, 0x3A, 0xBA, 0xDE, 0xA8, 0x58, 0xFD, 0xEA, 0xBF, 0x88 };"
"const uint8_t FINAL_MASK[16] = { 0x32, 0x6E, 0xBF, 0xE1, 0x1A, 0x27, 0x4C, 0x89, 0x15, 0xBB, 0x27, 0xFB, 0xDD, 0x22, 0x1C, 0xDE };"
"const uint8_t MASK[16] = { 0xB5, 0xB0, 0xD0, 0xC3, 0x13, 0x1B, 0x36, 0x5A, 0xDE, 0x89, 0xF6, 0x7D, 0x62, 0xB6, 0x6D, 0x99 };"
"const uint8_t FINAL_MASK[16] = { 0xBE, 0x14, 0xB3, 0x6F, 0x17, 0x62, 0xDE, 0xF3, 0x9B, 0x95, 0xC0, 0x45, 0x5A, 0xF2, 0xA5, 0x65 };"
"const uint8_t MASK[16] = { 0xC8, 0xFD, 0x4F, 0x0C, 0x1A, 0x61, 0xFC, 0x95, 0xF4, 0xBC, 0x54, 0x5A, 0xB0, 0x5B, 0xB7, 0x3C };"
"const uint8_t FINAL_MASK[16] = { 0x47, 0x9D, 0x8B, 0xD5, 0x74, 0x15, 0x71, 0x61, 0xDD, 0x64, 0x07, 0xE9, 0xE1, 0x5E, 0xCB, 0x40 };"
"const uint8_t MASK[16] = { 0xC4, 0x61, 0xE3, 0xD1, 0xE8, 0x47, 0x04, 0x24, 0x8F, 0x70, 0x82, 0xFC, 0xED, 0x0F, 0x2C, 0x45 };"
"const uint8_t FINAL_MASK[16] = { 0xFF, 0x56, 0xF8, 0xE9, 0x3C, 0x9E, 0x2C, 0x54, 0x41, 0x66, 0xC9, 0xAE, 0x96, 0x16, 0x80, 0x14 };"
"const uint8_t MASK[16] = { 0x15, 0xDD, 0xD0, 0xD6, 0xEB, 0x9F, 0xA9, 0x1A, 0xD3, 0xAA, 0xF6, 0x9B, 0x88, 0xDA, 0xBF, 0xE7 };"
"const uint8_t FINAL_MASK[16] = { 0x1F, 0xD1, 0x52, 0x0D, 0xD9, 0x49, 0x6D, 0x5E, 0xF0, 0xCA, 0xE5, 0xFB, 0x7C, 0x3B, 0x3C, 0xBF };"
"const uint8_t MASK[16] = { 0xA1, 0x08, 0x87, 0x44, 0x2E, 0xEA, 0xFB, 0x2F, 0x8C, 0x07, 0x10, 0x43, 0xBE, 0x65, 0xC9, 0x09 };"
"const uint8_t FINAL_MASK[16] = { 0x25, 0xD0, 0x83, 0xDF, 0x29, 0xC2, 0xF1, 0xB4, 0x01, 0x13, 0x2F, 0xEE, 0xC7, 0xBE, 0xBA, 0xD8 };"
"const uint8_t MASK[16] = { 0x6C, 0x93, 0xC7, 0xC5, 0x81, 0x95, 0x03, 0xA4, 0x1C, 0xD5, 0x5F, 0xD3, 0xB3, 0x67, 0x1C, 0xB4 };"
"const uint8_t FINAL_MASK[16] = { 0x64, 0x6A, 0xB8, 0x09, 0x5F, 0x60, 0x23, 0x99, 0x7C, 0xDF, 0x7B, 0xE4, 0x3A, 0xEE, 0x6A, 0x41 };"
